Period,Scenario,LoadLevel,MEUR
2030,sc01,01-24 05:00:00+01:00,31.882445936229743
2030,sc01,01-28 10:00:00+01:00,12.499824730045336
2030,sc01,02-10 17:00:00+01:00,104.40959199734581
2030,sc01,02-10 23:00:00+01:00,17.379381978260717
2030,sc01,02-14 12:00:00+01:00,0.06328448381716108
2030,sc01,02-17 06:00:00+01:00,3.365736566234328
2030,sc01,02-24 05:00:00+01:00,0.0
2030,sc01,02-27 06:00:00+01:00,18.49341639313472
2030,sc01,02-28 16:00:00+01:00,3.848286551473126
2030,sc01,03-04 04:00:00+01:00,21.28732650457518
2030,sc01,03-18 14:00:00+01:00,0.0
2030,sc01,03-22 19:00:00+01:00,8.784121995678008
2030,sc01,03-25 03:00:00+01:00,0.0
2030,sc01,03-30 09:00:00+01:00,0.0
2030,sc01,04-06 10:00:00+02:00,0.0
2030,sc01,05-21 19:00:00+02:00,2.388043993123616
2030,sc01,05-22 02:00:00+02:00,0.0
2030,sc01,06-03 13:00:00+02:00,17.83251283932897
2030,sc01,06-08 09:00:00+02:00,0.0
2030,sc01,06-15 22:00:00+02:00,0.0
2030,sc01,06-18 07:00:00+02:00,0.0
2030,sc01,06-21 06:00:00+02:00,14.087023438350803
2030,sc01,07-14 04:00:00+02:00,0.0
2030,sc01,07-21 04:00:00+02:00,11.861603220901419
2030,sc01,07-22 14:00:00+02:00,5.732332680372069
2030,sc01,08-08 14:00:00+02:00,3.0141635492530625
2030,sc01,08-14 18:00:00+02:00,11.259846995691502
2030,sc01,08-22 09:00:00+02:00,18.611269676995136
2030,sc01,08-23 17:00:00+02:00,45.98332618544783
2030,sc01,09-16 17:00:00+02:00,2.761444907228505
2030,sc01,09-27 23:00:00+02:00,81.39735710438109
2030,sc01,10-15 22:00:00+02:00,38.336818894331024
2030,sc01,10-19 13:00:00+02:00,0.7561201850221072
2030,sc01,10-22 19:00:00+02:00,87.0786655220462
2030,sc01,10-28 05:00:00+01:00,34.01051005097105
2030,sc01,10-31 20:00:00+01:00,158.59972134193347
2030,sc01,11-02 07:00:00+01:00,1.5191402273900154
2030,sc01,11-11 12:00:00+01:00,5.2892144118047355
2030,sc01,11-12 21:00:00+01:00,64.60530157744313
2030,sc01,11-13 05:00:00+01:00,19.624442125557838
2030,sc01,11-20 13:00:00+01:00,0.0
