Period,Scenario,LoadLevel,MEUR
2030,sc01,01-14 16:00:00+01:00,7.392950297620435
2030,sc01,01-24 04:00:00+01:00,14.443259211000745
2030,sc01,01-28 10:00:00+01:00,11.409613371486637
2030,sc01,02-11 21:00:00+01:00,51.17685749141221
2030,sc01,02-24 05:00:00+01:00,0.0
2030,sc01,03-03 10:00:00+01:00,3.0644450808440005
2030,sc01,03-08 23:00:00+01:00,15.650458185870873
2030,sc01,03-14 18:00:00+01:00,18.153689552287194
2030,sc01,03-19 23:00:00+01:00,0.0
2030,sc01,03-25 17:00:00+01:00,2.3523522428745363
2030,sc01,03-30 09:00:00+01:00,0.0
2030,sc01,04-08 17:00:00+02:00,16.391720671216845
2030,sc01,04-12 09:00:00+02:00,0.39869879628433746
2030,sc01,04-18 13:00:00+02:00,5.8739523398067375
2030,sc01,04-24 19:00:00+02:00,0.0
2030,sc01,04-26 08:00:00+02:00,0.0
2030,sc01,04-29 03:00:00+02:00,0.0
2030,sc01,05-17 01:00:00+02:00,0.0005297931041551494
2030,sc01,06-08 08:00:00+02:00,0.0
2030,sc01,06-30 21:00:00+02:00,10.192435700970192
2030,sc01,07-17 12:00:00+02:00,9.124665720142993
2030,sc01,07-17 17:00:00+02:00,6.782121493847428
2030,sc01,07-19 15:00:00+02:00,4.190790295564503
2030,sc01,07-20 18:00:00+02:00,3.009143709424717
2030,sc01,07-28 02:00:00+02:00,0.0
2030,sc01,08-09 20:00:00+02:00,0.9856619663307823
2030,sc01,08-24 00:00:00+02:00,0.0
2030,sc01,09-11 13:00:00+02:00,1.307994082610311
2030,sc01,09-27 23:00:00+02:00,18.466018000669326
2030,sc01,10-03 06:00:00+02:00,26.447831721658293
2030,sc01,10-22 19:00:00+02:00,69.47436846528177
2030,sc01,10-23 14:00:00+02:00,19.25775976722257
2030,sc01,10-25 03:00:00+02:00,1.0621695614565052
2030,sc01,10-26 19:00:00+02:00,20.390429631015934
2030,sc01,10-28 05:00:00+01:00,27.401535026722872
2030,sc01,11-10 13:00:00+01:00,1.1077010164794618
2030,sc01,11-14 13:00:00+01:00,13.959734384804698
2030,sc01,11-20 13:00:00+01:00,0.0
2030,sc01,11-26 17:00:00+01:00,38.52890113543969
2030,sc01,11-27 21:00:00+01:00,43.83012382785552
2030,sc01,12-06 16:00:00+01:00,29.0062976417116
