Period,Scenario,LoadLevel,mEUR
2030,sc01,01-24 05:00:00+01:00,14992451.276252018
2030,sc01,02-28 06:00:00+01:00,42674791.3298806
2030,sc01,03-10 14:00:00+01:00,1657089.5802488397
2030,sc01,03-18 13:00:00+01:00,0.0
2030,sc01,03-20 01:00:00+01:00,0.0
2030,sc01,03-23 17:00:00+01:00,0.0
2030,sc01,04-18 14:00:00+02:00,5701741.8261140175
2030,sc01,04-29 04:00:00+02:00,0.0
2030,sc01,05-16 08:00:00+02:00,2977011.6485549356
2030,sc01,06-13 20:00:00+02:00,15297618.831816338
2030,sc01,06-25 00:00:00+02:00,0.0
2030,sc01,07-09 00:00:00+02:00,0.0
2030,sc01,07-28 10:00:00+02:00,10974856.657376606
2030,sc01,09-04 09:00:00+02:00,8511132.67649979
2030,sc01,09-14 18:00:00+02:00,25924165.998433974
2030,sc01,10-22 19:00:00+02:00,9291368.142906014
2030,sc01,10-27 08:00:00+01:00,7423223.844984986
2030,sc01,10-28 13:00:00+01:00,14194738.357758036
2030,sc01,10-31 23:00:00+01:00,6631103.18039013
2030,sc01,11-02 06:00:00+01:00,7519173.84825339
2030,sc01,11-03 06:00:00+01:00,21650212.720863223
