Period,Scenario,LoadLevel,MEUR
2030,sc01,02-11 12:00:00+01:00,0.4213101585421174
2030,sc01,02-14 16:00:00+01:00,0.2438904020989045
2030,sc01,02-15 22:00:00+01:00,1.2561978994476717
2030,sc01,02-19 08:00:00+01:00,1.6058357702806312
2030,sc01,02-20 12:00:00+01:00,1.3764083036647718
2030,sc01,02-21 09:00:00+01:00,1.633437738378727
2030,sc01,02-26 06:00:00+01:00,0.8283901036512342
2030,sc01,02-27 16:00:00+01:00,0.29522846123090357
2030,sc01,03-02 00:00:00+01:00,0.9491800934485284
2030,sc01,03-03 18:00:00+01:00,1.379377609050878
2030,sc01,03-08 01:00:00+01:00,1.6669114502837417
2030,sc01,03-13 11:00:00+01:00,0.523319310396385
2030,sc01,03-22 23:00:00+01:00,1.639391770314458
2030,sc01,04-08 20:00:00+02:00,2.352168582031151
2030,sc01,04-19 14:00:00+02:00,0.4006236001419313
2030,sc01,04-27 15:00:00+02:00,0.43088109823430115
2030,sc01,05-01 17:00:00+02:00,0.8618995729552343
2030,sc01,05-13 13:00:00+02:00,1.5523351552232774
2030,sc01,05-14 04:00:00+02:00,1.3943328083415176
2030,sc01,05-30 03:00:00+02:00,2.4537706784353115
2030,sc01,06-21 17:00:00+02:00,0.9658451869242637
2030,sc01,07-04 09:00:00+02:00,1.8905177214037678
2030,sc01,07-06 11:00:00+02:00,4.309315670674793
2030,sc01,07-16 21:00:00+02:00,3.154845637176603
2030,sc01,07-21 16:00:00+02:00,1.7778828129268454
2030,sc01,08-02 18:00:00+02:00,1.517141332824655
2030,sc01,08-02 23:00:00+02:00,3.1561111413476803
2030,sc01,08-03 08:00:00+02:00,1.6447115820081368
2030,sc01,08-09 20:00:00+02:00,1.9804337402704721
2030,sc01,08-28 04:00:00+02:00,2.7900454498575384
2030,sc01,08-29 04:00:00+02:00,1.6524008735578877
2030,sc01,10-08 11:00:00+02:00,2.891944099803582
2030,sc01,10-20 13:00:00+02:00,0.531243910774197
2030,sc01,10-20 20:00:00+02:00,0.7151052320981504
2030,sc01,11-03 08:00:00+01:00,0.7732325282292527
2030,sc01,11-04 11:00:00+01:00,2.1466756643867577
2030,sc01,11-06 20:00:00+01:00,2.9891786483615777
2030,sc01,11-15 18:00:00+01:00,0.41919435571427444
2030,sc01,11-19 02:00:00+01:00,3.1546027312025045
2030,sc01,11-22 20:00:00+01:00,1.5090843523265498
2030,sc01,11-28 02:00:00+01:00,1.7145668568443575
