Period,Scenario,LoadLevel,MEUR
2030,sc01,02-10 19:00:00+01:00,2.0444226787926203
2030,sc01,03-10 00:00:00+01:00,1.1796935622573002
2030,sc01,03-19 10:00:00+01:00,2.4910818316172385
2030,sc01,03-24 23:00:00+01:00,1.8097183993488606
2030,sc01,04-06 11:00:00+02:00,1.5932617393703843
2030,sc01,04-25 23:00:00+02:00,0.5980709589919555
2030,sc01,04-28 04:00:00+02:00,0.4776619720445878
2030,sc01,05-08 20:00:00+02:00,1.0281416927723386
2030,sc01,05-16 03:00:00+02:00,0.57661387257465
2030,sc01,05-30 19:00:00+02:00,0.4778161650968729
2030,sc01,06-05 00:00:00+02:00,0.15963304414239737
2030,sc01,06-06 00:00:00+02:00,0.2698635390134292
2030,sc01,06-06 18:00:00+02:00,0.7749471452467352
2030,sc01,06-23 22:00:00+02:00,0.37249089547425274
2030,sc01,06-30 01:00:00+02:00,0.3077541336662297
2030,sc01,07-01 21:00:00+02:00,0.4237740777521347
2030,sc01,07-02 06:00:00+02:00,2.2470715405471675
2030,sc01,07-04 22:00:00+02:00,0.12458671626158781
2030,sc01,07-13 23:00:00+02:00,0.2147895815580042
2030,sc01,07-15 18:00:00+02:00,0.9314379015279102
2030,sc01,07-18 13:00:00+02:00,2.826964112276776
2030,sc01,07-20 00:00:00+02:00,0.671619772698174
2030,sc01,07-22 19:00:00+02:00,0.4706555364712571
2030,sc01,07-31 22:00:00+02:00,0.30228775401600205
2030,sc01,08-03 16:00:00+02:00,0.8046512483595825
2030,sc01,08-03 22:00:00+02:00,0.0790991648858236
2030,sc01,08-07 12:00:00+02:00,5.128187855776671
2030,sc01,08-10 01:00:00+02:00,0.50029010296727
2030,sc01,08-14 03:00:00+02:00,0.6852073146773582
2030,sc01,08-14 20:00:00+02:00,0.8101181542362904
2030,sc01,08-27 22:00:00+02:00,0.3449801973337728
2030,sc01,10-10 03:00:00+02:00,2.4809148954561406
2030,sc01,10-20 17:00:00+02:00,0.3809665634342461
2030,sc01,10-24 20:00:00+02:00,1.6102999953994022
2030,sc01,10-25 15:00:00+02:00,1.3986468456407457
2030,sc01,10-27 13:00:00+01:00,0.9878950020432022
2030,sc01,11-02 01:00:00+01:00,0.36831255087264
2030,sc01,11-02 19:00:00+01:00,1.0208450355758605
2030,sc01,11-08 00:00:00+01:00,0.7422040963074642
2030,sc01,11-23 07:00:00+01:00,1.212803860411629
