Period,Scenario,LoadLevel,mEUR
2030,sc01,01-12 16:00:00+01:00,495138.49679187924
2030,sc01,02-02 18:00:00+01:00,417239.98302530823
2030,sc01,02-15 18:00:00+01:00,219.80258377552045
2030,sc01,02-18 19:00:00+01:00,140.547712101816
2030,sc01,02-26 02:00:00+01:00,356193.1143452304
2030,sc01,03-15 09:00:00+01:00,8306562.948236735
2030,sc01,03-15 21:00:00+01:00,141062.73194588692
2030,sc01,04-01 19:00:00+02:00,843206.9235517996
2030,sc01,05-05 11:00:00+02:00,527.7432109074981
2030,sc01,06-02 14:00:00+02:00,142286.82344309025
2030,sc01,06-28 09:00:00+02:00,1116130.0404003127
2030,sc01,07-03 06:00:00+02:00,1113551.1979306475
2030,sc01,07-04 22:00:00+02:00,671313.6282085801
2030,sc01,08-21 16:00:00+02:00,1193436.2982014345
2030,sc01,08-23 01:00:00+02:00,285298.2620260805
2030,sc01,08-25 02:00:00+02:00,22464.196797027453
2030,sc01,09-11 02:00:00+02:00,111543.53660861532
2030,sc01,10-21 18:00:00+02:00,70218.36601155676
2030,sc01,11-02 18:00:00+01:00,263872.04455277947
2030,sc01,11-24 01:00:00+01:00,182086.04807087738
2030,sc01,11-25 18:00:00+01:00,218707.9608275845
