Period,Scenario,LoadLevel,mEUR
2030,sc01,01-07 19:00:00+01:00,41087.39987031462
2030,sc01,02-15 18:00:00+01:00,147.1847399193384
2030,sc01,02-18 19:00:00+01:00,135.33948214796905
2030,sc01,03-09 23:00:00+01:00,304309.1868953928
2030,sc01,03-14 19:00:00+01:00,837528.8311096885
2030,sc01,03-19 18:00:00+01:00,1663504.804072654
2030,sc01,03-23 05:00:00+01:00,217011.65833906323
2030,sc01,04-23 17:00:00+02:00,3226116.5447434145
2030,sc01,04-24 19:00:00+02:00,3229507.6883312077
2030,sc01,05-05 11:00:00+02:00,527.7432109074986
2030,sc01,06-02 14:00:00+02:00,110413.28872360967
2030,sc01,06-14 02:00:00+02:00,104150.7795840173
2030,sc01,07-11 10:00:00+02:00,914093.905341688
2030,sc01,07-16 05:00:00+02:00,5621129.170294829
2030,sc01,07-26 13:00:00+02:00,98224.65620683166
2030,sc01,08-25 02:00:00+02:00,17446.86029258096
2030,sc01,08-26 02:00:00+02:00,35987.6015869089
2030,sc01,09-13 16:00:00+02:00,1453036.8865136404
2030,sc01,10-21 18:00:00+02:00,64844.84393914349
2030,sc01,11-02 18:00:00+01:00,235033.84881578124
2030,sc01,11-03 22:00:00+01:00,364822.69589311985
