Period,Scenario,LoadLevel,mEUR
2030,sc01,02-04 19:00:00+01:00,935778.9827823676
2030,sc01,03-03 21:00:00+01:00,9483789.715697538
2030,sc01,06-01 10:00:00+02:00,0.0
2030,sc01,06-29 10:00:00+02:00,0.0
2030,sc01,06-30 01:00:00+02:00,0.0
2030,sc01,07-09 22:00:00+02:00,427476500.2794594
2030,sc01,07-26 04:00:00+02:00,17289.309632561915
2030,sc01,07-30 16:00:00+02:00,50735065.43357535
2030,sc01,09-20 06:00:00+02:00,79738065.61470479
2030,sc01,09-25 17:00:00+02:00,62891873.26794119
