Period,Scenario,LoadLevel,MEUR
2030,sc01,02-05 00:00:00+01:00,3.8727889954445187
2030,sc01,02-08 07:00:00+01:00,19.168948206613884
2030,sc01,02-08 09:00:00+01:00,8.197507235556133
2030,sc01,02-15 14:00:00+01:00,0.8103111885005553
2030,sc01,02-23 20:00:00+01:00,6.345824744889044
2030,sc01,03-06 08:00:00+01:00,4.813669238200906
2030,sc01,03-17 23:00:00+01:00,0.47326395178046277
2030,sc01,03-30 18:00:00+01:00,1.3191349233203622
2030,sc01,05-03 09:00:00+02:00,0.5726748504456003
2030,sc01,05-04 12:00:00+02:00,0.20741452746987882
2030,sc01,05-29 03:00:00+02:00,0.35929579184923444
2030,sc01,06-10 23:00:00+02:00,1.3579558979040276
2030,sc01,06-20 05:00:00+02:00,3.293011425044045
2030,sc01,07-06 17:00:00+02:00,0.2797540968195978
2030,sc01,07-06 22:00:00+02:00,0.588681514224913
2030,sc01,07-07 10:00:00+02:00,0.263971981000591
2030,sc01,07-08 07:00:00+02:00,4.727341449944942
2030,sc01,07-11 15:00:00+02:00,2.3185191633282844
2030,sc01,07-29 12:00:00+02:00,0.6223368284839303
2030,sc01,08-26 06:00:00+02:00,5.914510215336892
2030,sc01,09-18 06:00:00+02:00,1.459498644790066
2030,sc01,09-26 11:00:00+02:00,0.2960898888967504
2030,sc01,10-10 02:00:00+02:00,0.4191454033583358
2030,sc01,10-11 13:00:00+02:00,0.43451067027078544
2030,sc01,10-24 16:00:00+02:00,2.3149535823200535
2030,sc01,10-29 07:00:00+01:00,4.26868425349786
2030,sc01,11-02 23:00:00+01:00,0.45572551057585153
2030,sc01,11-17 22:00:00+01:00,2.958735720429108
2030,sc01,11-30 05:00:00+01:00,0.13140386357211023
2030,sc01,12-01 17:00:00+01:00,4.8666836914516844
2030,sc01,12-03 09:00:00+01:00,5.463144967022845
