Period,Scenario,LoadLevel,MEUR
2030,sc01,01-17 16:00:00+01:00,15.09596579362735
2030,sc01,02-08 14:00:00+01:00,0.5116529014877808
2030,sc01,02-15 22:00:00+01:00,0.43440442281812586
2030,sc01,03-01 00:00:00+01:00,0.39665594088968137
2030,sc01,03-06 07:00:00+01:00,7.905633688285479
2030,sc01,03-08 14:00:00+01:00,0.1776225022798338
2030,sc01,03-22 04:00:00+01:00,0.24020919343796743
2030,sc01,04-09 15:00:00+02:00,1.0876455067982562
2030,sc01,04-09 19:00:00+02:00,7.807579245310967
2030,sc01,05-04 12:00:00+02:00,0.16218358802472474
2030,sc01,05-04 18:00:00+02:00,0.8417183507319808
2030,sc01,05-28 18:00:00+02:00,2.7317003025599713
2030,sc01,05-30 13:00:00+02:00,0.4441456893078333
2030,sc01,06-11 04:00:00+02:00,0.3179674642532953
2030,sc01,06-26 03:00:00+02:00,0.2365031005247842
2030,sc01,07-28 23:00:00+02:00,0.17445519472199617
2030,sc01,07-29 14:00:00+02:00,0.5407593639750825
2030,sc01,08-01 07:00:00+02:00,6.240180772451269
2030,sc01,09-17 07:00:00+02:00,2.2228051258000607
2030,sc01,09-23 20:00:00+02:00,0.24809201331057198
2030,sc01,09-25 11:00:00+02:00,0.3763865415999983
2030,sc01,10-05 10:00:00+02:00,0.24031642898803335
2030,sc01,10-09 21:00:00+02:00,0.32095628486585565
2030,sc01,10-10 01:00:00+02:00,0.21276504429351317
2030,sc01,10-24 19:00:00+02:00,0.2820173240224877
2030,sc01,10-29 08:00:00+01:00,9.053998655530227
2030,sc01,10-31 03:00:00+01:00,0.2014109969629503
2030,sc01,11-30 05:00:00+01:00,0.09373247140509262
2030,sc01,12-06 01:00:00+01:00,0.13688051740015275
2030,sc01,12-07 10:00:00+01:00,2.4783481761749098
2030,sc01,12-09 20:00:00+01:00,0.3601603604064688
