Period,Scenario,LoadLevel,mEUR
2030,sc01,01-15 01:00:00+01:00,30771.92925305509
2030,sc01,02-12 08:00:00+01:00,8834840.503069213
2030,sc01,02-15 08:00:00+01:00,1523225.330192876
2030,sc01,02-15 14:00:00+01:00,50573.98859642869
2030,sc01,02-15 23:00:00+01:00,67726.27941780427
2030,sc01,02-21 16:00:00+01:00,2103225.091198777
2030,sc01,03-03 23:00:00+01:00,52824.49729689683
2030,sc01,03-29 02:00:00+01:00,60867.96042602634
2030,sc01,05-03 13:00:00+02:00,109113.46328850093
2030,sc01,05-12 10:00:00+02:00,30517.733702957208
2030,sc01,05-22 09:00:00+02:00,131142.48981670526
2030,sc01,06-06 17:00:00+02:00,258209.46892411483
2030,sc01,06-10 16:00:00+02:00,117794.69257656703
2030,sc01,06-10 19:00:00+02:00,324338.9463378714
2030,sc01,06-10 23:00:00+02:00,149649.95775378688
2030,sc01,06-15 04:00:00+02:00,133078.9348725589
2030,sc01,07-06 20:00:00+02:00,250136.8235353106
2030,sc01,08-05 14:00:00+02:00,156419.64409403058
2030,sc01,08-27 19:00:00+02:00,914905.1359703769
2030,sc01,09-05 10:00:00+02:00,126722.44313822228
2030,sc01,09-10 17:00:00+02:00,361859.63361761055
2030,sc01,09-24 00:00:00+02:00,108330.98177428689
2030,sc01,10-03 19:00:00+02:00,100335.70164230467
2030,sc01,10-08 23:00:00+02:00,92699.23326864772
2030,sc01,10-10 06:00:00+02:00,34717.1321009935
2030,sc01,10-11 10:00:00+02:00,55302.11803779262
2030,sc01,10-24 16:00:00+02:00,1221503.7740043816
2030,sc01,11-08 05:00:00+01:00,61392.655045229374
2030,sc01,11-30 05:00:00+01:00,11719.465358858408
2030,sc01,12-03 05:00:00+01:00,47893.16183508012
2030,sc01,12-13 15:00:00+01:00,2371346.4184231004
