Period,Scenario,LoadLevel,mEUR
2030,sc01,01-15 01:00:00+01:00,30771.92925305508
2030,sc01,02-12 08:00:00+01:00,8834840.50306921
2030,sc01,02-15 08:00:00+01:00,1523225.330192877
2030,sc01,02-15 14:00:00+01:00,50573.98859642864
2030,sc01,02-15 23:00:00+01:00,67726.27941780428
2030,sc01,02-21 16:00:00+01:00,2103225.09119878
2030,sc01,03-03 23:00:00+01:00,52824.49729689683
2030,sc01,03-29 02:00:00+01:00,60867.96042602642
2030,sc01,05-03 13:00:00+02:00,109113.46328850108
2030,sc01,05-12 10:00:00+02:00,30517.733702957205
2030,sc01,05-22 09:00:00+02:00,131142.4898167053
2030,sc01,06-06 17:00:00+02:00,258209.46892411445
2030,sc01,06-10 16:00:00+02:00,117794.69257656678
2030,sc01,06-10 19:00:00+02:00,324338.946337871
2030,sc01,06-10 23:00:00+02:00,149649.957753787
2030,sc01,06-15 04:00:00+02:00,133078.93487255863
2030,sc01,07-06 20:00:00+02:00,250136.82353530967
2030,sc01,08-05 14:00:00+02:00,156419.6440940304
2030,sc01,08-27 19:00:00+02:00,914905.1359703777
2030,sc01,09-05 10:00:00+02:00,126722.44313822224
2030,sc01,09-10 17:00:00+02:00,361859.63361760974
2030,sc01,09-24 00:00:00+02:00,108330.98177428679
2030,sc01,10-03 19:00:00+02:00,100335.70164230456
2030,sc01,10-08 23:00:00+02:00,92699.23326864763
2030,sc01,10-10 06:00:00+02:00,34717.13210099351
2030,sc01,10-11 10:00:00+02:00,55302.1180377926
2030,sc01,10-24 16:00:00+02:00,1221503.774004387
2030,sc01,11-08 05:00:00+01:00,61392.655045229374
2030,sc01,11-30 05:00:00+01:00,11719.465358858413
2030,sc01,12-03 05:00:00+01:00,47893.16183508021
2030,sc01,12-13 15:00:00+01:00,2371346.418423104
