Period,Scenario,LoadLevel,MEUR
2030,sc01,02-21 18:00:00+01:00,50.14512931113174
2030,sc01,02-25 00:00:00+01:00,22.292980256564366
2030,sc01,03-10 14:00:00+01:00,1.3606767008116885
2030,sc01,03-25 08:00:00+01:00,0.0
2030,sc01,04-18 16:00:00+02:00,21.1355108130411
2030,sc01,07-04 00:00:00+02:00,0.0
2030,sc01,07-08 22:00:00+02:00,35.649624740006246
2030,sc01,07-29 09:00:00+02:00,4.46820439460644
2030,sc01,10-18 23:00:00+02:00,0.0
2030,sc01,10-22 19:00:00+02:00,72.02039923258326
2030,sc01,11-14 14:00:00+01:00,19.48275235537467
