Period,Scenario,LoadLevel,mEUR
2030,sc01,02-18 04:00:00+01:00,272782711.8652329
2030,sc01,03-15 10:00:00+01:00,0.0
2030,sc01,04-21 14:00:00+02:00,0.0
2030,sc01,04-23 02:00:00+02:00,0.0
2030,sc01,06-09 19:00:00+02:00,27016862.38606169
2030,sc01,07-15 05:00:00+02:00,0.0
2030,sc01,08-14 14:00:00+02:00,2603173.3003976475
2030,sc01,10-18 14:00:00+02:00,44024938.521745786
2030,sc01,10-21 22:00:00+02:00,410250350.87170345
2030,sc01,10-24 23:00:00+02:00,6586054.703945023
