Period,InitialNode,FinalNode,Circuit,p.u.
2030,N_116,N_119,cac1,0.016340007836599918
2030,N_116,N_117,cac1,0.6625167223748327
