Period,InitialNode,FinalNode,Circuit,EUR/MW
2030,N_116,N_119,cac1,0.0386064205539281
2030,N_116,N_117,cac1,0.4389712060502655
