Period,Scenario,LoadLevel,mEUR
2030,sc01,02-01 12:00:00+01:00,3471744.8342935564
2030,sc01,03-07 20:00:00+01:00,1023016.3442116802
2030,sc01,03-19 00:00:00+01:00,1484807.9764966879
2030,sc01,06-16 12:00:00+02:00,108453.74061631727
2030,sc01,06-17 13:00:00+02:00,103867.80711501735
2030,sc01,06-26 09:00:00+02:00,3803869.0154490774
2030,sc01,07-01 02:00:00+02:00,596580.0343044144
2030,sc01,08-03 13:00:00+02:00,273.97461696609497
2030,sc01,09-16 16:00:00+02:00,11460134.712361008
2030,sc01,10-12 21:00:00+02:00,1355607.5039584395
2030,sc01,11-27 21:00:00+01:00,105619.49246389957
