Period,Scenario,LoadLevel,mEUR
2030,sc01,01-21 18:00:00+01:00,46.617805634679385
2030,sc01,01-21 19:00:00+01:00,3322.2896555966263
2030,sc01,01-23 20:00:00+01:00,7262.857462589281
2030,sc01,01-30 23:00:00+01:00,4.454321841108487
2030,sc01,02-03 18:00:00+01:00,75533.10904136988
2030,sc01,02-05 15:00:00+01:00,48.55845567034067
2030,sc01,02-05 21:00:00+01:00,860.261392009402
2030,sc01,02-06 18:00:00+01:00,60701.8781310228
2030,sc01,02-13 13:00:00+01:00,210.84337047437734
2030,sc01,02-19 10:00:00+01:00,15.692529097175026
2030,sc01,03-05 19:00:00+01:00,23854.3341715598
2030,sc01,03-13 20:00:00+01:00,191032.5629170312
2030,sc01,03-16 23:00:00+01:00,4950765.88720811
2030,sc01,03-19 20:00:00+01:00,984.1151190274549
2030,sc01,03-20 20:00:00+01:00,999510.1935613457
2030,sc01,04-10 03:00:00+02:00,5920697.101934784
2030,sc01,04-25 22:00:00+02:00,2956396.541265648
2030,sc01,06-29 07:00:00+02:00,11852223.363580517
2030,sc01,06-29 19:00:00+02:00,151577.60812407575
2030,sc01,07-01 14:00:00+02:00,320363.3467821382
2030,sc01,07-02 20:00:00+02:00,2971.4219584016187
2030,sc01,07-07 10:00:00+02:00,28816.317931067457
2030,sc01,07-07 14:00:00+02:00,338137.41428432177
2030,sc01,07-28 09:00:00+02:00,10.832248110461222
2030,sc01,08-28 19:00:00+02:00,7684005.7045016475
2030,sc01,09-28 22:00:00+02:00,4601995.031009031
2030,sc01,10-05 18:00:00+02:00,30.074360501875027
2030,sc01,10-18 23:00:00+02:00,7601436.840485889
2030,sc01,10-23 23:00:00+02:00,6757919.383592079
2030,sc01,11-26 21:00:00+01:00,12356.942009476712
