Period,Scenario,LoadLevel,mEUR
2030,sc01,01-18 18:00:00+01:00,963014.2150453321
2030,sc01,02-04 15:00:00+01:00,22296.94530662489
2030,sc01,03-03 13:00:00+01:00,0.0
2030,sc01,07-09 01:00:00+02:00,0.0
2030,sc01,08-06 08:00:00+02:00,36030793.74868368
2030,sc01,10-30 22:00:00+01:00,1265031748.203936
2030,sc01,10-31 13:00:00+01:00,492031.2168701649
2030,sc01,11-13 18:00:00+01:00,1083753.3469127254
2030,sc01,11-15 17:00:00+01:00,3706188.4050148716
2030,sc01,11-25 20:00:00+01:00,3345767.1412666063
