Period,Scenario,LoadLevel,mEUR
2030,sc01,02-06 09:00:00+01:00,230643.4459660987
2030,sc01,02-06 10:00:00+01:00,152162.8509178244
2030,sc01,02-11 10:00:00+01:00,52035.66753865802
2030,sc01,02-21 08:00:00+01:00,238324.7429765979
2030,sc01,02-25 07:00:00+01:00,146435.49457318353
2030,sc01,03-13 07:00:00+01:00,22.791840980257614
2030,sc01,04-02 19:00:00+02:00,179944.44624198406
2030,sc01,04-04 18:00:00+02:00,237581.700316128
2030,sc01,04-19 00:00:00+02:00,3000331.0681273392
2030,sc01,06-03 05:00:00+02:00,113081.79543662134
2030,sc01,06-05 05:00:00+02:00,123546.35829661466
2030,sc01,06-13 05:00:00+02:00,14129.475249285446
2030,sc01,06-15 20:00:00+02:00,1599507.4744510122
2030,sc01,06-19 04:00:00+02:00,629997.745402635
2030,sc01,07-02 06:00:00+02:00,214697.2817287964
2030,sc01,07-03 18:00:00+02:00,179177.39737404382
2030,sc01,07-04 19:00:00+02:00,324790.42350516876
2030,sc01,07-08 05:00:00+02:00,149667.75676234753
2030,sc01,07-08 10:00:00+02:00,84816.4075772977
2030,sc01,07-11 08:00:00+02:00,1239135.128582285
2030,sc01,07-12 15:00:00+02:00,364456.1094473522
2030,sc01,07-13 20:00:00+02:00,501171.08311996976
2030,sc01,07-19 10:00:00+02:00,471008.70222772256
2030,sc01,07-20 19:00:00+02:00,856906.4266163496
2030,sc01,08-01 19:00:00+02:00,6842.054250336652
2030,sc01,10-03 00:00:00+02:00,2550095.608149138
2030,sc01,10-14 07:00:00+02:00,10.913114500498287
2030,sc01,11-15 08:00:00+01:00,164048.22659987494
2030,sc01,12-05 16:00:00+01:00,6723.228848304539
2030,sc01,12-19 15:00:00+01:00,32.19874200418597
