Period,Scenario,LoadLevel,mEUR
2030,sc01,03-31 15:00:00+02:00,20164399.958338864
2030,sc01,05-10 10:00:00+02:00,0.0
2030,sc01,06-10 02:00:00+02:00,0.0
2030,sc01,07-06 05:00:00+02:00,35299786.4007448
2030,sc01,07-13 07:00:00+02:00,0.0
2030,sc01,07-27 04:00:00+02:00,140219891.412739
2030,sc01,08-02 08:00:00+02:00,28996424.339449383
2030,sc01,09-19 08:00:00+02:00,19716448.505846646
2030,sc01,09-27 14:00:00+02:00,84278231.66994376
2030,sc01,12-10 18:00:00+01:00,35988094.516011335
