Period,Scenario,LoadLevel,mEUR
2030,sc01,04-08 17:00:00+02:00,77832096.97544384
2030,sc01,04-12 18:00:00+02:00,15140883.485177027
2030,sc01,06-10 02:00:00+02:00,0.0
2030,sc01,06-13 14:00:00+02:00,0.0
2030,sc01,06-18 05:00:00+02:00,46079322.45801139
2030,sc01,07-04 10:00:00+02:00,20794401.860737424
2030,sc01,07-06 10:00:00+02:00,0.0
2030,sc01,08-27 15:00:00+02:00,28344281.575268697
2030,sc01,09-10 02:00:00+02:00,39283495.90481931
2030,sc01,12-10 18:00:00+01:00,39656085.716731176
