Period,Scenario,LoadLevel,mEUR
2030,sc01,03-31 15:00:00+02:00,20164399.958338827
2030,sc01,05-10 10:00:00+02:00,0.0
2030,sc01,06-10 02:00:00+02:00,0.0
2030,sc01,07-06 05:00:00+02:00,35381546.156573735
2030,sc01,07-13 07:00:00+02:00,0.0
2030,sc01,07-27 04:00:00+02:00,140219891.412738
2030,sc01,08-02 08:00:00+02:00,28927426.328584794
2030,sc01,09-19 08:00:00+02:00,19716448.50584666
2030,sc01,09-27 14:00:00+02:00,84278231.6699438
2030,sc01,12-10 18:00:00+01:00,35988094.51601135
