Period,Scenario,LoadLevel,mEUR
2030,sc01,01-02 13:00:00+01:00,153283.00883048977
2030,sc01,01-08 10:00:00+01:00,49.31210009418865
2030,sc01,01-10 12:00:00+01:00,2653.2829436832853
2030,sc01,01-14 19:00:00+01:00,40344.64683562697
2030,sc01,01-16 05:00:00+01:00,525.9971776029598
2030,sc01,01-21 18:00:00+01:00,5790.220909359322
2030,sc01,01-22 12:00:00+01:00,183.71337191096868
2030,sc01,01-26 00:00:00+01:00,15296.643395488669
2030,sc01,02-01 04:00:00+01:00,48964.56453271278
2030,sc01,02-10 17:00:00+01:00,794065.5493580718
2030,sc01,02-27 19:00:00+01:00,869317.5694376134
2030,sc01,03-14 03:00:00+01:00,102579.35326567317
2030,sc01,03-18 15:00:00+01:00,42442.43515204741
2030,sc01,03-30 19:00:00+01:00,1187602.6891543057
2030,sc01,05-08 00:00:00+02:00,129195.43328990736
2030,sc01,05-17 19:00:00+02:00,456731.89412584645
2030,sc01,05-18 12:00:00+02:00,65904.73402469298
2030,sc01,05-21 21:00:00+02:00,56440.32297318327
2030,sc01,05-26 01:00:00+02:00,27928.486747138097
2030,sc01,05-31 16:00:00+02:00,113588.21016272738
2030,sc01,06-06 11:00:00+02:00,47507.773525374105
2030,sc01,07-16 09:00:00+02:00,74314.12716465547
2030,sc01,07-17 03:00:00+02:00,114870.03558922846
2030,sc01,07-19 13:00:00+02:00,135526.5157389601
2030,sc01,07-26 23:00:00+02:00,51333.905464280906
2030,sc01,08-01 20:00:00+02:00,1213437.021748036
2030,sc01,08-06 21:00:00+02:00,58067.18977113768
2030,sc01,08-09 16:00:00+02:00,513624.61804088036
2030,sc01,08-13 03:00:00+02:00,39455.70934071357
2030,sc01,09-01 10:00:00+02:00,23026.674500164994
2030,sc01,09-05 07:00:00+02:00,889637.2696155162
2030,sc01,09-09 15:00:00+02:00,370953.59317492193
2030,sc01,10-02 03:00:00+02:00,80373.15859255915
2030,sc01,10-03 17:00:00+02:00,1248829.4578806176
2030,sc01,10-09 20:00:00+02:00,23089.217879109918
2030,sc01,10-30 09:00:00+01:00,825096.2370885328
2030,sc01,11-10 21:00:00+01:00,63284.01697884085
2030,sc01,11-25 14:00:00+01:00,828051.1669873889
2030,sc01,11-28 21:00:00+01:00,26819.487759351236
2030,sc01,11-30 03:00:00+01:00,106081.77321177763
2030,sc01,12-04 18:00:00+01:00,10649.202717604938
