Period,Scenario,LoadLevel,mEUR
2030,sc01,01-03 17:00:00+01:00,1463.042319194775
2030,sc01,01-08 09:00:00+01:00,17392.565888301742
2030,sc01,01-09 15:00:00+01:00,319.1451893840644
2030,sc01,01-11 09:00:00+01:00,1434.4943989581964
2030,sc01,01-11 18:00:00+01:00,549.0872719665405
2030,sc01,01-18 19:00:00+01:00,562.5631493389353
2030,sc01,01-21 09:00:00+01:00,9337.357052557018
2030,sc01,01-22 10:00:00+01:00,219.94660539349107
2030,sc01,01-22 11:00:00+01:00,191.1339223793607
2030,sc01,01-22 17:00:00+01:00,277.4199333554587
2030,sc01,01-22 19:00:00+01:00,12.070612213882447
2030,sc01,01-22 20:00:00+01:00,25.726581681827415
2030,sc01,01-23 10:00:00+01:00,2037.5887847822125
2030,sc01,01-23 17:00:00+01:00,4014.130233086087
2030,sc01,01-23 19:00:00+01:00,104.0989938031087
2030,sc01,01-23 20:00:00+01:00,11.823343015114451
2030,sc01,01-24 18:00:00+01:00,702.9710176264621
2030,sc01,01-25 19:00:00+01:00,1402.4747788872976
2030,sc01,01-29 19:00:00+01:00,694.4605179057072
2030,sc01,01-30 20:00:00+01:00,581.9278006647721
2030,sc01,01-31 18:00:00+01:00,383.40545365550463
2030,sc01,02-01 02:00:00+01:00,122625.14509379728
2030,sc01,02-04 17:00:00+01:00,6866.9283901661875
2030,sc01,02-06 19:00:00+01:00,32.66698436599574
2030,sc01,02-12 13:00:00+01:00,7634319.931282359
2030,sc01,02-14 18:00:00+01:00,8571.028173603414
2030,sc01,02-17 07:00:00+01:00,192518.50167763745
2030,sc01,04-25 00:00:00+02:00,217843.86649975655
2030,sc01,04-29 03:00:00+02:00,280628.7519722521
2030,sc01,04-29 05:00:00+02:00,3837218.0804819497
2030,sc01,07-03 15:00:00+02:00,1242825.7410552746
2030,sc01,08-06 05:00:00+02:00,5416409.247033873
2030,sc01,09-09 12:00:00+02:00,1880618.7183352474
2030,sc01,11-05 10:00:00+01:00,5544818.300067285
2030,sc01,11-08 23:00:00+01:00,420277.118317423
2030,sc01,11-29 15:00:00+01:00,17020448.35206398
2030,sc01,12-05 16:00:00+01:00,41.063236537134735
2030,sc01,12-06 17:00:00+01:00,238.09712064161857
2030,sc01,12-11 17:00:00+01:00,653.0739284715615
2030,sc01,12-13 17:00:00+01:00,203.1287295210085
