Period,Scenario,LoadLevel,mEUR
2030,sc01,01-10 12:00:00+01:00,2653.2829436832867
2030,sc01,01-13 10:00:00+01:00,245384.81121212186
2030,sc01,01-17 17:00:00+01:00,644624.6993261885
2030,sc01,02-01 16:00:00+01:00,6790139.458454511
2030,sc01,02-02 07:00:00+01:00,14565.170398849512
2030,sc01,02-11 18:00:00+01:00,151538.42495429533
2030,sc01,02-22 10:00:00+01:00,424121.09157936525
2030,sc01,02-23 02:00:00+01:00,209628.89386566292
2030,sc01,03-28 11:00:00+01:00,58741.66143100042
2030,sc01,03-30 20:00:00+01:00,44940.334375118706
2030,sc01,04-03 01:00:00+02:00,48520.83417237629
2030,sc01,04-23 16:00:00+02:00,154653.56613290048
2030,sc01,05-18 00:00:00+02:00,36264.64243718458
2030,sc01,05-21 19:00:00+02:00,1186654.9228655847
2030,sc01,05-24 15:00:00+02:00,45447.99059606204
2030,sc01,05-25 05:00:00+02:00,42040.81607350397
2030,sc01,06-06 22:00:00+02:00,93225.14387883943
2030,sc01,06-16 11:00:00+02:00,159387.6153588703
2030,sc01,07-01 06:00:00+02:00,511427.55220173916
2030,sc01,07-13 04:00:00+02:00,19457.98178605915
2030,sc01,07-16 03:00:00+02:00,16602.603392657507
2030,sc01,07-19 16:00:00+02:00,114529.39143411374
2030,sc01,07-22 17:00:00+02:00,61867.89739407389
2030,sc01,07-26 02:00:00+02:00,46941.38442884159
2030,sc01,08-06 13:00:00+02:00,52685.762377994804
2030,sc01,08-12 08:00:00+02:00,27916.77219713663
2030,sc01,08-19 10:00:00+02:00,17660.752235271175
2030,sc01,09-04 17:00:00+02:00,345141.8400489919
2030,sc01,09-23 11:00:00+02:00,24302.50529607403
2030,sc01,09-26 21:00:00+02:00,64063.42267339613
2030,sc01,10-01 10:00:00+02:00,33015.1638816656
2030,sc01,10-02 03:00:00+02:00,42370.21231853244
2030,sc01,10-15 19:00:00+02:00,88191.51019721002
2030,sc01,10-19 21:00:00+02:00,80327.77888687058
2030,sc01,10-21 00:00:00+02:00,14373.81775909583
2030,sc01,10-25 20:00:00+02:00,61880.41400258793
2030,sc01,11-06 20:00:00+01:00,85233.71898802971
2030,sc01,11-16 14:00:00+01:00,24465.959251148623
2030,sc01,11-17 19:00:00+01:00,32666.929897214708
2030,sc01,11-29 16:00:00+01:00,2297990.262861625
2030,sc01,12-01 02:00:00+01:00,28609.041666386453
