Period,Scenario,LoadLevel,mEUR
2030,sc01,01-03 19:00:00+01:00,29050.294769161734
2030,sc01,01-08 10:00:00+01:00,41.13948958181096
2030,sc01,01-10 12:00:00+01:00,2653.2829436832862
2030,sc01,01-14 18:00:00+01:00,6154.246545651317
2030,sc01,01-18 00:00:00+01:00,13327.906502524596
2030,sc01,01-29 16:00:00+01:00,259.7173658559581
2030,sc01,01-30 07:00:00+01:00,632412.1923375071
2030,sc01,02-01 22:00:00+01:00,13661.846525958274
2030,sc01,02-09 08:00:00+01:00,339682.66642936325
2030,sc01,02-22 10:00:00+01:00,195305.97258878298
2030,sc01,02-23 02:00:00+01:00,201613.23946627355
2030,sc01,03-22 17:00:00+01:00,95625.55890917267
2030,sc01,03-28 11:00:00+01:00,72139.48432225548
2030,sc01,04-18 01:00:00+02:00,153428.65730102852
2030,sc01,04-24 13:00:00+02:00,3221.3652229450126
2030,sc01,05-04 09:00:00+02:00,27231.441966254803
2030,sc01,05-17 19:00:00+02:00,466683.38114126417
2030,sc01,05-20 10:00:00+02:00,169523.5279948699
2030,sc01,05-24 21:00:00+02:00,80142.52362671879
2030,sc01,05-25 01:00:00+02:00,66554.67790570538
2030,sc01,05-28 17:00:00+02:00,33488.978676036015
2030,sc01,06-09 05:00:00+02:00,61762.89118266615
2030,sc01,06-28 06:00:00+02:00,1276847.569378727
2030,sc01,07-14 05:00:00+02:00,31829.634736448916
2030,sc01,07-19 12:00:00+02:00,163092.56207807324
2030,sc01,07-23 16:00:00+02:00,273835.08556972945
2030,sc01,08-05 19:00:00+02:00,1102215.0838894588
2030,sc01,08-09 15:00:00+02:00,63023.512918012886
2030,sc01,09-03 08:00:00+02:00,28526.405662899386
2030,sc01,09-06 03:00:00+02:00,125940.7087971614
2030,sc01,09-25 23:00:00+02:00,96504.32887693982
2030,sc01,09-26 06:00:00+02:00,535970.6506861569
2030,sc01,10-01 02:00:00+02:00,43547.693691324625
2030,sc01,10-22 14:00:00+02:00,90245.85883963094
2030,sc01,10-22 19:00:00+02:00,83286.2012090343
2030,sc01,10-24 21:00:00+02:00,143096.9888120444
2030,sc01,11-08 19:00:00+01:00,10445.943723976836
2030,sc01,11-13 09:00:00+01:00,510292.90149532084
2030,sc01,11-13 13:00:00+01:00,222805.4721999657
2030,sc01,11-23 03:00:00+01:00,60224.25097443986
2030,sc01,11-29 16:00:00+01:00,2530887.258801099
