Period,Scenario,LoadLevel,mEUR
2030,sc01,01-08 10:00:00+01:00,41.13948958181093
2030,sc01,01-10 12:00:00+01:00,2653.282943683287
2030,sc01,01-13 11:00:00+01:00,46145.795232265926
2030,sc01,01-18 00:00:00+01:00,7931.464359461575
2030,sc01,01-23 17:00:00+01:00,78682.0154877481
2030,sc01,01-28 19:00:00+01:00,52888.738453439066
2030,sc01,01-29 16:00:00+01:00,259.7173658559581
2030,sc01,01-30 07:00:00+01:00,690188.1563645041
2030,sc01,02-01 04:00:00+01:00,49365.09099977755
2030,sc01,02-01 22:00:00+01:00,16443.408265619804
2030,sc01,02-03 17:00:00+01:00,306018.28469707747
2030,sc01,03-07 09:00:00+01:00,613648.1913279316
2030,sc01,03-14 03:00:00+01:00,105879.28323011044
2030,sc01,03-20 16:00:00+01:00,51713.57190384574
2030,sc01,04-13 15:00:00+02:00,32101.531661963647
2030,sc01,05-03 19:00:00+02:00,285462.578186544
2030,sc01,05-21 21:00:00+02:00,82361.3314631393
2030,sc01,05-22 07:00:00+02:00,245130.73997887486
2030,sc01,05-25 01:00:00+02:00,89936.98971596573
2030,sc01,05-31 11:00:00+02:00,161449.4395222428
2030,sc01,06-02 16:00:00+02:00,86354.23987241258
2030,sc01,06-26 03:00:00+02:00,206472.63667626085
2030,sc01,06-30 22:00:00+02:00,108921.88811447997
2030,sc01,07-01 08:00:00+02:00,54957.82853150574
2030,sc01,07-11 14:00:00+02:00,83289.64820161226
2030,sc01,07-14 03:00:00+02:00,11612.987661434121
2030,sc01,08-05 19:00:00+02:00,562354.6346374784
2030,sc01,08-08 15:00:00+02:00,48728.612743179496
2030,sc01,08-11 18:00:00+02:00,70171.82439283216
2030,sc01,09-03 13:00:00+02:00,22655.3469880604
2030,sc01,09-16 16:00:00+02:00,117357.8450567545
2030,sc01,10-01 02:00:00+02:00,61476.6401209304
2030,sc01,10-22 20:00:00+02:00,39289.34401230149
2030,sc01,10-25 17:00:00+02:00,300256.863820731
2030,sc01,11-08 19:00:00+01:00,10445.943723976843
2030,sc01,11-09 21:00:00+01:00,115009.02089858372
2030,sc01,11-13 09:00:00+01:00,350151.41675895813
2030,sc01,11-15 03:00:00+01:00,204191.2640277078
2030,sc01,11-15 14:00:00+01:00,29884.79020354034
2030,sc01,11-16 19:00:00+01:00,95651.90411505922
2030,sc01,11-29 16:00:00+01:00,2571872.620887565
