Period,Scenario,LoadLevel,mEUR
2030,sc01,01-11 19:00:00+01:00,352826.39049026207
2030,sc01,01-18 19:00:00+01:00,111239.92558863957
2030,sc01,01-19 12:00:00+01:00,18897.39336320524
2030,sc01,01-20 14:00:00+01:00,404200.2670382804
2030,sc01,01-21 17:00:00+01:00,827.5856089635374
2030,sc01,01-22 08:00:00+01:00,230053.14965520115
2030,sc01,01-23 03:00:00+01:00,39512622.560262576
2030,sc01,01-23 18:00:00+01:00,14481.050825195673
2030,sc01,01-24 11:00:00+01:00,17027.348842898416
2030,sc01,01-24 18:00:00+01:00,874.8724929552012
2030,sc01,01-28 21:00:00+01:00,165966.7859681642
2030,sc01,02-04 14:00:00+01:00,5316.6824614023735
2030,sc01,02-04 18:00:00+01:00,40864.534611295436
2030,sc01,02-22 07:00:00+01:00,9734008.415418215
2030,sc01,03-04 04:00:00+01:00,0.0
2030,sc01,04-16 18:00:00+02:00,210892.95334893643
2030,sc01,04-27 07:00:00+02:00,0.0
2030,sc01,05-29 06:00:00+02:00,1600769.878361321
2030,sc01,06-10 09:00:00+02:00,590002.142798761
2030,sc01,06-19 14:00:00+02:00,50073.02907305138
2030,sc01,06-21 09:00:00+02:00,129756.3413552202
2030,sc01,07-18 03:00:00+02:00,3521808.5066546053
2030,sc01,07-18 18:00:00+02:00,3523702.383968777
2030,sc01,07-18 23:00:00+02:00,31839553.92575169
2030,sc01,07-24 08:00:00+02:00,523947.0502627087
2030,sc01,08-24 23:00:00+02:00,0.0
2030,sc01,09-24 10:00:00+02:00,5876625.5793156745
2030,sc01,10-11 21:00:00+02:00,19420159.47862169
2030,sc01,10-30 11:00:00+01:00,62916.70150746887
2030,sc01,10-31 12:00:00+01:00,99150.10043923068
2030,sc01,11-02 12:00:00+01:00,0.0
2030,sc01,11-05 16:00:00+01:00,13276.365786770139
2030,sc01,11-07 17:00:00+01:00,7335.270599492706
2030,sc01,11-07 18:00:00+01:00,205555.9612951348
2030,sc01,11-13 18:00:00+01:00,413547.151902629
2030,sc01,11-21 11:00:00+01:00,571604.2332094772
2030,sc01,12-03 13:00:00+01:00,129022.5510214276
2030,sc01,12-03 19:00:00+01:00,94934.3979159027
2030,sc01,12-16 20:00:00+01:00,93907.47241987407
2030,sc01,12-18 19:00:00+01:00,298120.2206514064
