Period,Scenario,LoadLevel,mEUR
2030,sc01,01-11 19:00:00+01:00,270127.5493223549
2030,sc01,01-23 11:00:00+01:00,2202.7522519186646
2030,sc01,01-24 15:00:00+01:00,13231.7852107457
2030,sc01,01-24 18:00:00+01:00,1001.8193683208245
2030,sc01,01-24 20:00:00+01:00,48111.912918108195
2030,sc01,01-24 21:00:00+01:00,182105.35809756417
2030,sc01,01-30 19:00:00+01:00,20402.22783460991
2030,sc01,02-05 06:00:00+01:00,39405.824909059986
2030,sc01,02-12 15:00:00+01:00,21348511.831268176
2030,sc01,03-16 03:00:00+01:00,5228286.536509418
2030,sc01,04-16 18:00:00+02:00,179672.4173283427
2030,sc01,05-13 17:00:00+02:00,3794580.556668357
2030,sc01,05-18 23:00:00+02:00,0.0
2030,sc01,05-29 06:00:00+02:00,1617635.439607546
2030,sc01,06-15 09:00:00+02:00,3826034.577751303
2030,sc01,06-21 09:00:00+02:00,129527.00324831929
2030,sc01,07-18 18:00:00+02:00,3481865.2556573222
2030,sc01,07-24 08:00:00+02:00,506588.5162512799
2030,sc01,07-30 19:00:00+02:00,60754.85467382318
2030,sc01,08-08 07:00:00+02:00,2355619.710047201
2030,sc01,08-26 12:00:00+02:00,99209.36941057838
2030,sc01,09-08 07:00:00+02:00,0.0
2030,sc01,09-24 10:00:00+02:00,7388975.672469125
2030,sc01,09-28 07:00:00+02:00,0.0
2030,sc01,10-31 18:00:00+01:00,123943.68398222617
2030,sc01,11-05 14:00:00+01:00,20941.4236632479
2030,sc01,11-07 15:00:00+01:00,104262.04443570916
2030,sc01,11-07 17:00:00+01:00,7335.315900179121
2030,sc01,11-10 11:00:00+01:00,0.0
2030,sc01,11-11 14:00:00+01:00,312321.77272790496
2030,sc01,11-13 13:00:00+01:00,289990.604262265
2030,sc01,11-13 18:00:00+01:00,271008.9769199055
2030,sc01,11-21 17:00:00+01:00,41156.02716095926
2030,sc01,11-25 19:00:00+01:00,61275.01952330261
2030,sc01,11-25 20:00:00+01:00,1026586.2499620841
2030,sc01,11-26 14:00:00+01:00,12028.641630825157
2030,sc01,11-26 16:00:00+01:00,1017.2169446627271
2030,sc01,11-30 21:00:00+01:00,75350125.3697668
2030,sc01,12-03 13:00:00+01:00,194259.94824939987
2030,sc01,12-03 19:00:00+01:00,112675.89859625975
