Period,Scenario,LoadLevel,mEUR
2030,sc01,01-08 10:00:00+01:00,45.75142770006589
2030,sc01,01-10 12:00:00+01:00,2653.282943683289
2030,sc01,01-18 00:00:00+01:00,16267.631027139512
2030,sc01,01-18 18:00:00+01:00,147249.55425998833
2030,sc01,02-22 10:00:00+01:00,421389.89155661303
2030,sc01,02-27 19:00:00+01:00,869324.1726028908
2030,sc01,03-12 10:00:00+01:00,1022419.5576059482
2030,sc01,03-23 22:00:00+01:00,1157583.6747626003
2030,sc01,05-17 19:00:00+02:00,1831863.9332169807
2030,sc01,05-31 10:00:00+02:00,305416.5241194222
2030,sc01,06-06 15:00:00+02:00,244154.2442463161
2030,sc01,06-16 11:00:00+02:00,179030.16829264292
2030,sc01,06-20 13:00:00+02:00,64715.805358087295
2030,sc01,07-17 03:00:00+02:00,353931.2719462136
2030,sc01,07-23 16:00:00+02:00,466755.85028348095
2030,sc01,09-02 20:00:00+02:00,38517.88585967268
2030,sc01,10-05 19:00:00+02:00,251679.0805778441
2030,sc01,10-12 21:00:00+02:00,1088579.3798488667
2030,sc01,10-18 15:00:00+02:00,793306.2257372371
2030,sc01,11-06 20:00:00+01:00,94391.41972003358
2030,sc01,11-17 16:00:00+01:00,3201779.638540493
