Period,Scenario,LoadLevel,mEUR
2030,sc01,01-10 12:00:00+01:00,2653.2829436832844
2030,sc01,01-18 18:00:00+01:00,171873.23252440573
2030,sc01,02-10 17:00:00+01:00,910001.5543125977
2030,sc01,02-20 03:00:00+01:00,72015.8395549694
2030,sc01,02-27 19:00:00+01:00,869312.6259224602
2030,sc01,03-14 23:00:00+01:00,252576.72358493484
2030,sc01,04-01 20:00:00+02:00,296696.96874124755
2030,sc01,04-12 23:00:00+02:00,81955.58456618822
2030,sc01,05-25 02:00:00+02:00,200860.18665914118
2030,sc01,06-13 03:00:00+02:00,378568.9652550854
2030,sc01,06-16 11:00:00+02:00,169768.50664518724
2030,sc01,07-05 18:00:00+02:00,1799085.135038328
2030,sc01,07-13 22:00:00+02:00,9385.090530628662
2030,sc01,07-27 15:00:00+02:00,623234.2983468504
2030,sc01,08-07 23:00:00+02:00,57868.965978714965
2030,sc01,08-31 17:00:00+02:00,1651302.5190249453
2030,sc01,09-10 02:00:00+02:00,153237.2820476542
2030,sc01,10-19 19:00:00+02:00,197039.16084021874
2030,sc01,11-06 20:00:00+01:00,103120.48580830717
2030,sc01,11-09 19:00:00+01:00,288432.89005343866
2030,sc01,11-15 03:00:00+01:00,228827.14866505904
