Period,Scenario,LoadLevel,mEUR
2030,sc01,01-08 10:00:00+01:00,47.45021483974328
2030,sc01,01-10 12:00:00+01:00,2653.2829436832853
2030,sc01,01-18 18:00:00+01:00,155435.10034351388
2030,sc01,01-29 16:00:00+01:00,266.37620151775934
2030,sc01,02-22 10:00:00+01:00,466528.9497600934
2030,sc01,02-26 04:00:00+01:00,275429.897024992
2030,sc01,02-27 19:00:00+01:00,869320.0723673478
2030,sc01,03-19 17:00:00+01:00,1310073.1003127764
2030,sc01,03-26 14:00:00+01:00,441067.8376781434
2030,sc01,03-30 20:00:00+01:00,185745.84936490795
2030,sc01,05-18 21:00:00+02:00,364023.65998063545
2030,sc01,05-31 11:00:00+02:00,361045.5004925433
2030,sc01,06-16 11:00:00+02:00,183387.7411648803
2030,sc01,07-17 03:00:00+02:00,350507.5312747808
2030,sc01,07-25 16:00:00+02:00,2275997.6953912666
2030,sc01,08-25 19:00:00+02:00,2021078.116878874
2030,sc01,08-29 03:00:00+02:00,515386.6230787504
2030,sc01,10-22 17:00:00+02:00,1162112.5365447183
2030,sc01,10-24 06:00:00+02:00,27433.48054624825
2030,sc01,10-25 21:00:00+02:00,472542.35254661896
2030,sc01,11-16 19:00:00+01:00,149463.38037775853
