Period,Scenario,LoadLevel,mEUR
2030,sc01,01-08 10:00:00+01:00,50.16760304721723
2030,sc01,01-10 12:00:00+01:00,2653.282943683284
2030,sc01,01-18 00:00:00+01:00,15436.868303818252
2030,sc01,01-18 18:00:00+01:00,171873.2325244054
2030,sc01,01-29 16:00:00+01:00,271.22732181943184
2030,sc01,02-21 16:00:00+01:00,2142715.820647091
2030,sc01,02-27 19:00:00+01:00,869312.6259224606
2030,sc01,04-06 20:00:00+02:00,348625.6539241973
2030,sc01,04-17 01:00:00+02:00,478560.7732494973
2030,sc01,05-21 19:00:00+02:00,6725772.372375944
2030,sc01,05-30 17:00:00+02:00,143421.4457703909
2030,sc01,06-16 11:00:00+02:00,185586.17597567348
2030,sc01,06-22 03:00:00+02:00,274072.5207210443
2030,sc01,07-09 16:00:00+02:00,399447.4911203744
2030,sc01,07-10 13:00:00+02:00,316037.9701306935
2030,sc01,09-06 03:00:00+02:00,324487.14442542236
2030,sc01,10-09 10:00:00+02:00,997128.2038486266
2030,sc01,10-19 19:00:00+02:00,197906.2188067709
2030,sc01,10-19 21:00:00+02:00,302631.44388414646
2030,sc01,10-22 17:00:00+02:00,1303637.7609189525
2030,sc01,11-16 19:00:00+01:00,278773.90558454394
