Period,Scenario,LoadLevel,mEUR
2030,sc01,01-07 19:00:00+01:00,567.8845460333042
2030,sc01,01-11 08:00:00+01:00,3799.428543860843
2030,sc01,01-11 18:00:00+01:00,290.05793327407827
2030,sc01,01-22 10:00:00+01:00,483.6442821225771
2030,sc01,01-22 18:00:00+01:00,49.47062915421067
2030,sc01,01-22 20:00:00+01:00,29.02889201853643
2030,sc01,01-23 17:00:00+01:00,18421.90789255288
2030,sc01,01-23 20:00:00+01:00,9.80776664514286
2030,sc01,01-24 09:00:00+01:00,5098.487785686506
2030,sc01,01-31 16:00:00+01:00,92134.45470039891
2030,sc01,01-31 17:00:00+01:00,17068.585749203932
2030,sc01,02-14 18:00:00+01:00,43058.0953748107
2030,sc01,03-08 00:00:00+01:00,1082763.3082798803
2030,sc01,03-22 16:00:00+01:00,3900436.9369049342
2030,sc01,06-21 22:00:00+02:00,864671.9610187481
2030,sc01,07-17 16:00:00+02:00,8393983.103576703
2030,sc01,10-24 22:00:00+02:00,757511.2810637363
2030,sc01,11-02 15:00:00+01:00,6854781.615361573
2030,sc01,12-04 19:00:00+01:00,406.2826373747611
2030,sc01,12-10 18:00:00+01:00,709.4944959167917
