Period,Scenario,LoadLevel,mEUR
2030,sc01,02-01 15:00:00+01:00,112.32536509684319
2030,sc01,02-06 09:00:00+01:00,222799.99888364217
2030,sc01,02-06 10:00:00+01:00,166683.82117922866
2030,sc01,02-11 10:00:00+01:00,31271.350514498572
2030,sc01,02-21 08:00:00+01:00,255211.95522908264
2030,sc01,02-25 07:00:00+01:00,141846.93317212182
2030,sc01,03-13 07:00:00+01:00,24.933909738624457
2030,sc01,04-03 19:00:00+02:00,120998.98227012655
2030,sc01,04-19 00:00:00+02:00,2970239.0387607124
2030,sc01,05-06 19:00:00+02:00,157440.52350070825
2030,sc01,05-08 17:00:00+02:00,88108.98191466568
2030,sc01,05-14 18:00:00+02:00,856701.9378823383
2030,sc01,05-28 18:00:00+02:00,73755.11704336255
2030,sc01,06-03 05:00:00+02:00,94892.71113526175
2030,sc01,06-05 05:00:00+02:00,60393.97253496236
2030,sc01,06-06 17:00:00+02:00,7493.664745089061
2030,sc01,06-13 05:00:00+02:00,18506.05124868092
2030,sc01,06-19 04:00:00+02:00,327715.75882219884
2030,sc01,06-22 05:00:00+02:00,75996.21117113414
2030,sc01,06-23 19:00:00+02:00,408855.3491335397
2030,sc01,06-25 05:00:00+02:00,53221.51156074529
2030,sc01,07-02 10:00:00+02:00,78671.53651095282
2030,sc01,07-03 05:00:00+02:00,191795.45596650123
2030,sc01,07-03 16:00:00+02:00,21516.398058583414
2030,sc01,07-04 18:00:00+02:00,183328.07534214007
2030,sc01,07-04 19:00:00+02:00,378688.95816364564
2030,sc01,07-12 15:00:00+02:00,348734.1404593446
2030,sc01,07-13 05:00:00+02:00,213882.9019018807
2030,sc01,07-13 20:00:00+02:00,220575.9915227566
2030,sc01,07-19 10:00:00+02:00,408693.6636699368
2030,sc01,07-24 18:00:00+02:00,797960.9255602257
2030,sc01,07-27 12:00:00+02:00,8190.61482971962
2030,sc01,08-01 19:00:00+02:00,6842.099651727103
2030,sc01,10-03 00:00:00+02:00,2520529.532108199
2030,sc01,10-14 07:00:00+02:00,12.758403255500548
2030,sc01,10-31 11:00:00+01:00,229032.50358793463
2030,sc01,11-15 08:00:00+01:00,170811.1252231265
2030,sc01,11-15 16:00:00+01:00,64555.33659288092
2030,sc01,12-05 16:00:00+01:00,6939.686974775772
2030,sc01,12-19 15:00:00+01:00,34.63628329669253
