Period,Scenario,LoadLevel,mEUR
2030,sc01,02-01 15:00:00+01:00,112.32536509684307
2030,sc01,02-06 09:00:00+01:00,222799.99888364202
2030,sc01,02-06 10:00:00+01:00,166683.82117922857
2030,sc01,02-11 10:00:00+01:00,31271.350514498612
2030,sc01,02-21 08:00:00+01:00,255211.9552290827
2030,sc01,02-25 07:00:00+01:00,141846.93317212182
2030,sc01,03-13 07:00:00+01:00,24.933909738624443
2030,sc01,04-03 19:00:00+02:00,120998.9822701265
2030,sc01,04-19 00:00:00+02:00,2970239.038760715
2030,sc01,05-06 19:00:00+02:00,157440.52350070816
2030,sc01,05-08 17:00:00+02:00,88108.98191466567
2030,sc01,05-14 18:00:00+02:00,856701.9378823398
2030,sc01,05-28 18:00:00+02:00,73755.1170433626
2030,sc01,06-03 05:00:00+02:00,94892.71113526182
2030,sc01,06-05 05:00:00+02:00,60393.972534962595
2030,sc01,06-06 17:00:00+02:00,7493.664745089073
2030,sc01,06-13 05:00:00+02:00,18506.05124868092
2030,sc01,06-19 04:00:00+02:00,327715.7588221982
2030,sc01,06-22 05:00:00+02:00,75996.21117113414
2030,sc01,06-23 19:00:00+02:00,408855.34913354093
2030,sc01,06-25 05:00:00+02:00,53221.5115607452
2030,sc01,07-02 10:00:00+02:00,78671.53651095284
2030,sc01,07-03 05:00:00+02:00,191795.4559665014
2030,sc01,07-03 16:00:00+02:00,21516.39805858344
2030,sc01,07-04 18:00:00+02:00,183328.07534214001
2030,sc01,07-04 19:00:00+02:00,378688.9581636453
2030,sc01,07-12 15:00:00+02:00,348734.14045934065
2030,sc01,07-13 05:00:00+02:00,213882.90190188074
2030,sc01,07-13 20:00:00+02:00,220575.99152275655
2030,sc01,07-19 10:00:00+02:00,408693.6636699372
2030,sc01,07-24 18:00:00+02:00,797960.9255602257
2030,sc01,07-27 12:00:00+02:00,8190.6148297196105
2030,sc01,08-01 19:00:00+02:00,6842.099651727099
2030,sc01,10-03 00:00:00+02:00,2520529.532108199
2030,sc01,10-14 07:00:00+02:00,12.758403255500548
2030,sc01,10-31 11:00:00+01:00,229032.50358793477
2030,sc01,11-15 08:00:00+01:00,170811.12522312682
2030,sc01,11-15 16:00:00+01:00,64555.33659288091
2030,sc01,12-05 16:00:00+01:00,6939.686974775778
2030,sc01,12-19 15:00:00+01:00,34.63628329669252
