Period,Scenario,LoadLevel,mEUR
2030,sc01,01-10 08:00:00+01:00,30138.87091261025
2030,sc01,01-10 09:00:00+01:00,45.29053886838776
2030,sc01,01-15 19:00:00+01:00,62.90449137915935
2030,sc01,01-18 10:00:00+01:00,64626.91416289242
2030,sc01,01-18 17:00:00+01:00,3591.647409917461
2030,sc01,01-18 18:00:00+01:00,399.8884913397952
2030,sc01,01-21 09:00:00+01:00,19417.09606080293
2030,sc01,01-21 17:00:00+01:00,1112.643354021359
2030,sc01,01-21 21:00:00+01:00,104.92455577595591
2030,sc01,01-23 13:00:00+01:00,7265.464831696546
2030,sc01,01-28 11:00:00+01:00,50222.00571371804
2030,sc01,01-29 10:00:00+01:00,36.859779217844604
2030,sc01,01-29 11:00:00+01:00,26.759001112046903
2030,sc01,01-29 12:00:00+01:00,88.13484581805412
2030,sc01,02-04 19:00:00+01:00,1911.8347088053772
2030,sc01,02-07 14:00:00+01:00,19514.31917912319
2030,sc01,02-08 07:00:00+01:00,105583.6854556048
2030,sc01,02-08 08:00:00+01:00,12326.121245877146
2030,sc01,02-08 19:00:00+01:00,79.81015239741093
2030,sc01,02-11 09:00:00+01:00,25150.055732321278
2030,sc01,02-12 17:00:00+01:00,247796.47754530038
2030,sc01,02-18 18:00:00+01:00,5225.851224022047
2030,sc01,02-21 21:00:00+01:00,621399.2775285991
2030,sc01,02-24 00:00:00+01:00,781341.2660587766
2030,sc01,02-25 13:00:00+01:00,47.71158969113999
2030,sc01,03-06 08:00:00+01:00,844022.9909613114
2030,sc01,03-20 09:00:00+01:00,1082474.3950728374
2030,sc01,04-12 17:00:00+02:00,944610.5370385972
2030,sc01,04-16 08:00:00+02:00,48637.76241634929
2030,sc01,05-20 04:00:00+02:00,7258073.522303501
2030,sc01,06-12 16:00:00+02:00,3151944.3193700784
2030,sc01,07-01 11:00:00+02:00,27.340922731016793
2030,sc01,07-10 15:00:00+02:00,17.466041534260007
2030,sc01,07-19 09:00:00+02:00,70331.05176997869
2030,sc01,08-17 07:00:00+02:00,2457712.6141813216
2030,sc01,08-19 12:00:00+02:00,3.4861710419975567
2030,sc01,08-22 07:00:00+02:00,1394544.6385071105
2030,sc01,08-27 08:00:00+02:00,139784.8363927754
2030,sc01,10-11 13:00:00+02:00,1021584.2338796974
2030,sc01,11-08 07:00:00+01:00,1209176.3523336996
2030,sc01,11-09 13:00:00+01:00,6348719.898312683
2030,sc01,11-12 09:00:00+01:00,24.445079550801843
2030,sc01,11-14 15:00:00+01:00,67276.68200941222
2030,sc01,11-19 17:00:00+01:00,36.39620245608805
2030,sc01,11-20 19:00:00+01:00,10.459976380280143
2030,sc01,11-28 13:00:00+01:00,73144.46152175787
2030,sc01,12-03 14:00:00+01:00,154803.59358297492
2030,sc01,12-06 10:00:00+01:00,5234.60296324824
2030,sc01,12-09 16:00:00+01:00,37038.97649832693
2030,sc01,12-12 09:00:00+01:00,41.21715119325569
