Period,Scenario,LoadLevel,mEUR
2030,sc01,04-08 20:00:00+02:00,60650919.36245904
2030,sc01,04-18 21:00:00+02:00,47692857.84709195
2030,sc01,06-29 10:00:00+02:00,0.0
2030,sc01,07-04 21:00:00+02:00,111444157.21660446
2030,sc01,07-06 02:00:00+02:00,0.0
2030,sc01,07-12 04:00:00+02:00,12583817.976908414
2030,sc01,07-26 04:00:00+02:00,0.0
2030,sc01,07-29 19:00:00+02:00,8541213.58232423
2030,sc01,08-21 16:00:00+02:00,103292906.33296786
2030,sc01,09-27 19:00:00+02:00,432785988.5788962
