Period,Scenario,LoadLevel,mEUR
2030,sc01,04-01 06:00:00+02:00,12834629.665883267
2030,sc01,04-10 16:00:00+02:00,6084014.947321969
2030,sc01,06-16 23:00:00+02:00,20231641.273346405
2030,sc01,07-17 18:00:00+02:00,886.1863906312517
2030,sc01,07-18 18:00:00+02:00,456.1053706925578
2030,sc01,07-20 23:00:00+02:00,9255681.178160591
2030,sc01,08-11 17:00:00+02:00,363.116717460013
2030,sc01,08-12 17:00:00+02:00,430.1593544363652
2030,sc01,10-28 01:00:00+01:00,47056172.25315133
2030,sc01,10-30 09:00:00+01:00,2229290.5950501985
