Period,Scenario,LoadLevel,MEUR
2030,sc01,01-10 03:00:00+01:00,0.0
2030,sc01,01-14 09:00:00+01:00,4.824325357645876
2030,sc01,01-19 14:00:00+01:00,0.0
2030,sc01,01-24 05:00:00+01:00,19.919580805065966
2030,sc01,01-28 20:00:00+01:00,10.045025527602098
2030,sc01,02-16 17:00:00+01:00,0.6116703055559155
2030,sc01,02-20 17:00:00+01:00,30.859619126864033
2030,sc01,02-27 06:00:00+01:00,14.327208445809383
2030,sc01,03-04 06:00:00+01:00,25.714345375527532
2030,sc01,03-12 05:00:00+01:00,0.30397487886527597
2030,sc01,03-14 13:00:00+01:00,7.406742852003576
2030,sc01,03-14 23:00:00+01:00,0.17570173715178664
2030,sc01,03-18 13:00:00+01:00,0.0
2030,sc01,03-24 00:00:00+01:00,0.0
2030,sc01,04-06 10:00:00+02:00,0.0
2030,sc01,04-13 04:00:00+02:00,0.0
2030,sc01,04-14 04:00:00+02:00,4.433118319086846
2030,sc01,05-06 20:00:00+02:00,0.0
2030,sc01,05-18 05:00:00+02:00,18.946154620808404
2030,sc01,05-19 09:00:00+02:00,0.004534197391709853
2030,sc01,06-03 11:00:00+02:00,6.643621177067743
2030,sc01,06-08 23:00:00+02:00,0.0
2030,sc01,06-14 06:00:00+02:00,2.4805872320848095
2030,sc01,06-17 07:00:00+02:00,0.0
2030,sc01,06-25 00:00:00+02:00,0.0
2030,sc01,07-03 09:00:00+02:00,2.0067040999040437
2030,sc01,07-15 14:00:00+02:00,0.0074311604683504765
2030,sc01,07-16 04:00:00+02:00,0.0
2030,sc01,07-19 18:00:00+02:00,15.223748435225948
2030,sc01,08-03 16:00:00+02:00,0.0
2030,sc01,08-19 21:00:00+02:00,1.200243111102096
2030,sc01,08-22 14:00:00+02:00,8.498507998138923
2030,sc01,08-25 05:00:00+02:00,2.1948342569529444
2030,sc01,08-27 17:00:00+02:00,4.481222535097727
2030,sc01,08-29 01:00:00+02:00,0.0
2030,sc01,09-08 07:00:00+02:00,4.439993073396394
2030,sc01,09-08 10:00:00+02:00,3.0935004261765084
2030,sc01,09-09 12:00:00+02:00,1.830090716519478
2030,sc01,09-12 19:00:00+02:00,0.7136968045909138
2030,sc01,09-13 00:00:00+02:00,0.0
2030,sc01,09-21 00:00:00+02:00,0.36815517225060174
2030,sc01,10-22 19:00:00+02:00,69.37864113602429
2030,sc01,10-31 20:00:00+01:00,49.38091354044137
2030,sc01,11-10 13:00:00+01:00,0.9037585272754969
2030,sc01,11-15 00:00:00+01:00,22.542048975062368
2030,sc01,11-20 00:00:00+01:00,0.0
2030,sc01,11-20 13:00:00+01:00,0.0
2030,sc01,11-21 12:00:00+01:00,12.025042533576627
2030,sc01,11-23 20:00:00+01:00,9.460306547242114
2030,sc01,11-24 17:00:00+01:00,15.339918165512909
2030,sc01,11-25 14:00:00+01:00,8.038483426809718
