Period,Scenario,LoadLevel,mEUR
2030,sc01,01-26 02:00:00+01:00,509468.10309249116
2030,sc01,01-28 13:00:00+01:00,2183519.7572504366
2030,sc01,01-28 15:00:00+01:00,1057383.5642386964
2030,sc01,02-04 06:00:00+01:00,6237643.587531193
2030,sc01,02-10 09:00:00+01:00,528064.8149244892
2030,sc01,02-10 17:00:00+01:00,15213132.634725194
2030,sc01,02-23 01:00:00+01:00,2757984.3772449526
2030,sc01,02-27 05:00:00+01:00,2053134.2538799753
2030,sc01,03-04 13:00:00+01:00,5230975.845935407
2030,sc01,03-12 21:00:00+01:00,3586029.6220928812
2030,sc01,03-13 22:00:00+01:00,0.0
2030,sc01,03-15 15:00:00+01:00,0.0
2030,sc01,03-15 17:00:00+01:00,177493.61106701195
2030,sc01,03-16 20:00:00+01:00,4330248.203260065
2030,sc01,03-17 14:00:00+01:00,102085.45215702112
2030,sc01,03-18 13:00:00+01:00,0.0
2030,sc01,04-01 22:00:00+02:00,0.0
2030,sc01,04-08 08:00:00+02:00,1966546.7842329778
2030,sc01,04-19 05:00:00+02:00,1580088.8594921979
2030,sc01,05-08 05:00:00+02:00,0.0
2030,sc01,05-19 08:00:00+02:00,0.0
2030,sc01,05-22 17:00:00+02:00,0.0
2030,sc01,06-16 04:00:00+02:00,175918.5479512369
2030,sc01,06-19 09:00:00+02:00,0.0
2030,sc01,06-23 09:00:00+02:00,110694.68221852716
2030,sc01,06-26 21:00:00+02:00,662224.6777338309
2030,sc01,06-30 05:00:00+02:00,3672649.4164841156
2030,sc01,07-14 00:00:00+02:00,0.0
2030,sc01,07-15 06:00:00+02:00,0.0
2030,sc01,07-18 14:00:00+02:00,925521.4004758307
2030,sc01,07-24 15:00:00+02:00,227897.51814135007
2030,sc01,07-25 09:00:00+02:00,0.0
2030,sc01,08-03 10:00:00+02:00,0.0
2030,sc01,08-03 18:00:00+02:00,687021.7189512936
2030,sc01,08-16 00:00:00+02:00,0.0
2030,sc01,08-26 04:00:00+02:00,1907435.2315978743
2030,sc01,08-27 18:00:00+02:00,8426038.891566262
2030,sc01,09-08 10:00:00+02:00,923908.9690038693
2030,sc01,09-13 00:00:00+02:00,0.0
2030,sc01,10-02 17:00:00+02:00,6997535.347682581
2030,sc01,10-20 14:00:00+02:00,2485552.019389356
2030,sc01,10-22 19:00:00+02:00,9073136.321232747
2030,sc01,10-29 00:00:00+01:00,38448834.9673811
2030,sc01,10-31 20:00:00+01:00,34451911.30152509
2030,sc01,11-07 08:00:00+01:00,1652317.5408098116
2030,sc01,11-14 09:00:00+01:00,0.0
2030,sc01,11-15 06:00:00+01:00,7737105.735529018
2030,sc01,11-23 21:00:00+01:00,5958879.580174972
2030,sc01,11-25 01:00:00+01:00,5382199.147271761
2030,sc01,11-30 08:00:00+01:00,0.0
2030,sc01,12-04 19:00:00+01:00,1059478.9382904738
