Period,Scenario,LoadLevel,mEUR
2030,sc01,01-16 06:00:00+01:00,4611500.77988256
2030,sc01,01-26 05:00:00+01:00,1179339.8879772925
2030,sc01,01-28 10:00:00+01:00,4590959.567537343
2030,sc01,01-28 19:00:00+01:00,2600551.0161116477
2030,sc01,01-29 06:00:00+01:00,228134.62905736978
2030,sc01,02-17 06:00:00+01:00,636670.9550324755
2030,sc01,02-17 20:00:00+01:00,4833581.296703292
2030,sc01,02-24 05:00:00+01:00,0.0
2030,sc01,02-27 08:00:00+01:00,858041.8046116999
2030,sc01,03-13 22:00:00+01:00,0.0
2030,sc01,03-15 10:00:00+01:00,0.0
2030,sc01,03-18 05:00:00+01:00,0.0
2030,sc01,03-18 13:00:00+01:00,0.0
2030,sc01,03-27 18:00:00+01:00,612668.1504784405
2030,sc01,03-30 06:00:00+01:00,1782757.5925935872
2030,sc01,04-04 14:00:00+02:00,1622663.136771472
2030,sc01,04-12 07:00:00+02:00,536016.8142517775
2030,sc01,04-23 14:00:00+02:00,46336.76990708283
2030,sc01,04-26 00:00:00+02:00,0.0
2030,sc01,04-26 18:00:00+02:00,876878.3693055789
2030,sc01,05-17 07:00:00+02:00,0.0
2030,sc01,05-29 23:00:00+02:00,0.0
2030,sc01,06-08 09:00:00+02:00,0.0
2030,sc01,06-08 19:00:00+02:00,528896.9631500525
2030,sc01,06-09 02:00:00+02:00,88866.41401008355
2030,sc01,06-18 14:00:00+02:00,0.0
2030,sc01,07-04 04:00:00+02:00,6160759.67591538
2030,sc01,07-17 11:00:00+02:00,1014155.9547357897
2030,sc01,07-18 14:00:00+02:00,759753.7544855747
2030,sc01,08-03 23:00:00+02:00,0.0
2030,sc01,08-07 20:00:00+02:00,7993178.894823967
2030,sc01,08-09 18:00:00+02:00,4310477.035626909
2030,sc01,08-18 10:00:00+02:00,198629.98485819032
2030,sc01,08-22 16:00:00+02:00,2188428.378922369
2030,sc01,08-24 23:00:00+02:00,0.0
2030,sc01,09-15 03:00:00+02:00,0.0
2030,sc01,10-03 08:00:00+02:00,1861041.7164421028
2030,sc01,10-15 17:00:00+02:00,36105268.345247574
2030,sc01,10-27 23:00:00+01:00,25908003.132654868
2030,sc01,11-12 18:00:00+01:00,10441611.136992183
2030,sc01,11-14 12:00:00+01:00,631103.4629582927
2030,sc01,11-18 10:00:00+01:00,0.0
2030,sc01,11-18 19:00:00+01:00,1654016.4347262725
2030,sc01,11-20 00:00:00+01:00,425.78636154525134
2030,sc01,11-22 19:00:00+01:00,26536502.386039224
2030,sc01,11-23 00:00:00+01:00,4166332.642553917
2030,sc01,11-27 10:00:00+01:00,597874.0525087743
2030,sc01,11-28 06:00:00+01:00,8655860.339607358
2030,sc01,11-28 08:00:00+01:00,2699294.634857185
2030,sc01,12-06 09:00:00+01:00,1102064.79438773
