Period,Scenario,LoadLevel,MEUR
2030,sc01,02-01 20:00:00+01:00,0.642639449225087
2030,sc01,03-03 04:00:00+01:00,4.129827036817332
2030,sc01,03-03 13:00:00+01:00,0.2723031028827709
2030,sc01,04-01 20:00:00+02:00,6.904311565860598
2030,sc01,04-03 05:00:00+02:00,0.5899912964673005
2030,sc01,04-11 14:00:00+02:00,0.6459039696091262
2030,sc01,07-18 08:00:00+02:00,8.307010146803115
2030,sc01,08-07 19:00:00+02:00,26.540302642218574
2030,sc01,08-19 21:00:00+02:00,17.050131836096302
2030,sc01,09-30 05:00:00+02:00,18.83939961903781
2030,sc01,11-24 05:00:00+01:00,0.8845627655733794
