Period,Scenario,LoadLevel,MEUR
2030,sc01,02-01 20:00:00+01:00,4.328007971711066
2030,sc01,03-03 04:00:00+01:00,11.335765577769658
2030,sc01,03-03 13:00:00+01:00,0.37587634899147154
2030,sc01,04-01 20:00:00+02:00,13.427061621905919
2030,sc01,04-03 05:00:00+02:00,2.323904457687211
2030,sc01,04-11 14:00:00+02:00,0.8774974210967275
2030,sc01,07-18 08:00:00+02:00,21.74764410813076
2030,sc01,08-07 19:00:00+02:00,37.983891735400675
2030,sc01,08-19 21:00:00+02:00,25.695685306111233
2030,sc01,09-30 05:00:00+02:00,35.980428405252304
2030,sc01,11-24 05:00:00+01:00,6.364197125152395
