Period,Scenario,LoadLevel,MEUR
2030,sc01,03-22 17:00:00+01:00,0.35025553036108026
2030,sc01,04-04 20:00:00+02:00,9.930653293906502
2030,sc01,04-11 15:00:00+02:00,0.5030427477937941
2030,sc01,04-24 22:00:00+02:00,1.0943975536217043
2030,sc01,05-10 08:00:00+02:00,0.6580951812000649
2030,sc01,07-18 08:00:00+02:00,8.74171877263834
2030,sc01,09-02 04:00:00+02:00,4.714519326288697
2030,sc01,09-04 05:00:00+02:00,15.586980402136449
2030,sc01,09-06 23:00:00+02:00,22.401561760249596
2030,sc01,09-23 22:00:00+02:00,1.624412545271605
