Period,Scenario,LoadLevel,MEUR
2030,sc01,03-22 17:00:00+01:00,0.8307494529505455
2030,sc01,04-04 20:00:00+02:00,4.535612897708702
2030,sc01,04-11 15:00:00+02:00,0.5030427477937939
2030,sc01,04-24 22:00:00+02:00,2.5327146640921128
2030,sc01,05-10 08:00:00+02:00,0.6580951812000655
2030,sc01,07-18 08:00:00+02:00,5.143464017869013
2030,sc01,09-02 04:00:00+02:00,6.011905693901153
2030,sc01,09-04 05:00:00+02:00,6.876776722608762
2030,sc01,09-06 23:00:00+02:00,10.419528156416753
2030,sc01,09-23 22:00:00+02:00,1.6851866914700842
