Period,Scenario,LoadLevel,MEUR
2030,sc01,02-08 08:00:00+01:00,0.243006206229853
2030,sc01,02-22 21:00:00+01:00,1.0616257718127258
2030,sc01,03-20 04:00:00+01:00,0.5181318725003846
2030,sc01,03-22 20:00:00+01:00,0.819453682806998
2030,sc01,03-23 05:00:00+01:00,2.050661650082027
2030,sc01,03-26 05:00:00+01:00,0.44637875439010444
2030,sc01,04-01 16:00:00+02:00,0.2197435416910799
2030,sc01,04-01 19:00:00+02:00,1.1485606493399156
2030,sc01,04-08 23:00:00+02:00,0.20812544440537223
2030,sc01,04-11 20:00:00+02:00,1.0709721006604984
2030,sc01,04-14 06:00:00+02:00,0.1655706448834172
2030,sc01,05-10 07:00:00+02:00,0.31749240909867654
2030,sc01,05-19 08:00:00+02:00,0.4965537780575928
2030,sc01,06-03 20:00:00+02:00,0.8942392384238768
2030,sc01,06-28 04:00:00+02:00,0.5965688278405991
2030,sc01,07-07 06:00:00+02:00,0.7610520940080753
2030,sc01,07-07 19:00:00+02:00,6.540562490586046
2030,sc01,07-08 13:00:00+02:00,4.29585512621762
2030,sc01,07-09 22:00:00+02:00,1.6886133075193541
2030,sc01,07-19 02:00:00+02:00,2.8500617255363343
2030,sc01,07-25 02:00:00+02:00,1.43971463081169
2030,sc01,08-02 19:00:00+02:00,4.722840400283973
2030,sc01,09-07 16:00:00+02:00,2.2935101048094464
2030,sc01,09-14 23:00:00+02:00,4.634698143267056
2030,sc01,10-22 14:00:00+02:00,0.415940197018628
2030,sc01,11-03 18:00:00+01:00,1.3758339862639262
2030,sc01,11-07 05:00:00+01:00,1.485521895392027
2030,sc01,11-19 21:00:00+01:00,0.5306741822275582
2030,sc01,11-21 21:00:00+01:00,0.29639311483456166
2030,sc01,11-28 18:00:00+01:00,0.560643585498392
