Period,Scenario,LoadLevel,MEUR
2030,sc01,02-08 08:00:00+01:00,0.24300620622985267
2030,sc01,02-22 21:00:00+01:00,0.571307843228981
2030,sc01,03-20 04:00:00+01:00,0.23035989528513012
2030,sc01,03-22 20:00:00+01:00,0.3258150544264309
2030,sc01,03-23 05:00:00+01:00,4.496477851407467
2030,sc01,03-26 05:00:00+01:00,0.5434106563341008
2030,sc01,04-01 16:00:00+02:00,0.1586273317520191
2030,sc01,04-01 19:00:00+02:00,2.8466627986563857
2030,sc01,04-08 23:00:00+02:00,0.16605099740031634
2030,sc01,04-11 20:00:00+02:00,2.4359954014205307
2030,sc01,04-14 06:00:00+02:00,0.1655706448834172
2030,sc01,05-10 07:00:00+02:00,0.3174924090986752
2030,sc01,05-19 08:00:00+02:00,0.496553778057598
2030,sc01,06-03 20:00:00+02:00,2.263412882583944
2030,sc01,06-28 04:00:00+02:00,1.4700061876003867
2030,sc01,07-07 06:00:00+02:00,1.5101331831526283
2030,sc01,07-07 19:00:00+02:00,16.100685475089975
2030,sc01,07-08 13:00:00+02:00,8.231963148754186
2030,sc01,07-09 22:00:00+02:00,2.2907128629354347
2030,sc01,07-19 02:00:00+02:00,4.34264154813893
2030,sc01,07-25 02:00:00+02:00,3.5352594108366504
2030,sc01,08-02 19:00:00+02:00,10.821865595103954
2030,sc01,09-07 16:00:00+02:00,5.947476415542574
2030,sc01,09-14 23:00:00+02:00,10.525765540684075
2030,sc01,10-22 14:00:00+02:00,0.41594019701863566
2030,sc01,11-03 18:00:00+01:00,3.412926015341227
2030,sc01,11-07 05:00:00+01:00,0.6339832231224544
2030,sc01,11-19 21:00:00+01:00,0.26597845818445487
2030,sc01,11-21 21:00:00+01:00,0.6391889619493172
2030,sc01,11-28 18:00:00+01:00,0.27572935537265664
