Period,Scenario,LoadLevel,MEUR
2030,sc01,02-04 21:00:00+01:00,0.6450025837629851
2030,sc01,02-05 07:00:00+01:00,0.09562697471781707
2030,sc01,02-06 21:00:00+01:00,1.8538818701076187
2030,sc01,02-10 09:00:00+01:00,0.18582165964503236
2030,sc01,02-28 06:00:00+01:00,0.17399382849402523
2030,sc01,03-03 12:00:00+01:00,0.14046704861036335
2030,sc01,03-31 16:00:00+02:00,1.86699292969166
2030,sc01,04-04 20:00:00+02:00,3.7917039849458223
2030,sc01,04-10 22:00:00+02:00,0.5560766227580003
2030,sc01,04-18 05:00:00+02:00,0.2557946557573083
2030,sc01,04-19 14:00:00+02:00,0.29963896086034736
2030,sc01,05-12 08:00:00+02:00,0.1468889507432567
2030,sc01,06-23 05:00:00+02:00,0.17810113094058883
2030,sc01,07-06 17:00:00+02:00,11.352399627244514
2030,sc01,07-07 13:00:00+02:00,6.399536985874432
2030,sc01,07-09 13:00:00+02:00,0.9525022925502499
2030,sc01,07-11 00:00:00+02:00,2.616312245954695
2030,sc01,07-14 19:00:00+02:00,5.9518972007875295
2030,sc01,07-24 01:00:00+02:00,6.3251677079381565
2030,sc01,07-28 02:00:00+02:00,5.016961237397411
2030,sc01,08-31 19:00:00+02:00,13.604837427805622
2030,sc01,09-08 14:00:00+02:00,3.8636641907326195
2030,sc01,10-06 23:00:00+02:00,14.288485576881811
2030,sc01,10-22 14:00:00+02:00,0.21529298930189725
2030,sc01,10-30 13:00:00+01:00,0.13206108353389273
2030,sc01,11-08 17:00:00+01:00,3.0289223377142283
2030,sc01,11-16 23:00:00+01:00,0.0787355086806825
2030,sc01,11-19 18:00:00+01:00,0.7372639796497342
2030,sc01,11-24 04:00:00+01:00,0.3695578250226653
2030,sc01,11-27 12:00:00+01:00,0.12761598604775096
2030,sc01,12-07 08:00:00+01:00,0.09989448753927382
