Period,Scenario,LoadLevel,mEUR
2030,sc01,03-14 20:00:00+01:00,1140604.464237404
2030,sc01,03-15 21:00:00+01:00,410391.109715255
2030,sc01,03-19 18:00:00+01:00,3621577.496124846
2030,sc01,04-21 19:00:00+02:00,31410189.229575884
2030,sc01,05-05 11:00:00+02:00,527.7432109074981
2030,sc01,06-02 14:00:00+02:00,114569.66292434308
2030,sc01,06-02 18:00:00+02:00,1605634.5847946035
2030,sc01,07-16 11:00:00+02:00,1667800.7593657994
2030,sc01,09-13 17:00:00+02:00,7991082.6787902415
2030,sc01,10-05 08:00:00+02:00,1717202.2045250814
2030,sc01,10-27 16:00:00+01:00,1142400.5244852572
