Period,Scenario,LoadLevel,mEUR
2030,sc01,03-14 20:00:00+01:00,1100027.4013792793
2030,sc01,03-15 21:00:00+01:00,305267.8362394733
2030,sc01,03-19 18:00:00+01:00,3240076.2831301684
2030,sc01,04-07 21:00:00+02:00,1320613.44302871
2030,sc01,05-05 11:00:00+02:00,527.7432109074978
2030,sc01,05-13 10:00:00+02:00,1189921.0537712513
2030,sc01,06-02 18:00:00+02:00,2042939.070366546
2030,sc01,07-15 00:00:00+02:00,89456.99189989323
2030,sc01,08-30 18:00:00+02:00,10138995.409421586
2030,sc01,09-21 18:00:00+02:00,34489565.93583176
2030,sc01,11-10 15:00:00+01:00,17295251.849324726
