Period,Scenario,LoadLevel,mEUR
2030,sc01,02-18 19:00:00+01:00,282.37391724657107
2030,sc01,03-14 20:00:00+01:00,1140604.4642374027
2030,sc01,03-15 21:00:00+01:00,311681.96308390057
2030,sc01,03-17 23:00:00+01:00,1564216.2015520982
2030,sc01,03-19 18:00:00+01:00,2059759.4595845207
2030,sc01,04-23 17:00:00+02:00,9418565.667818643
2030,sc01,05-05 11:00:00+02:00,527.7432109074981
2030,sc01,06-02 14:00:00+02:00,186799.26337141186
2030,sc01,08-22 09:00:00+02:00,6710856.304016089
2030,sc01,10-05 08:00:00+02:00,3229247.209036685
2030,sc01,11-30 16:00:00+01:00,3309594.363819404
