Period,Scenario,LoadLevel,mEUR
2030,sc01,01-14 15:00:00+01:00,272160.66857317585
2030,sc01,01-16 09:00:00+01:00,26568.01119180718
2030,sc01,01-23 12:00:00+01:00,24051.888176027074
2030,sc01,01-25 17:00:00+01:00,7323.073620873838
2030,sc01,01-29 16:00:00+01:00,34598.981986873594
2030,sc01,01-30 09:00:00+01:00,1211.6017248065104
2030,sc01,01-31 10:00:00+01:00,2812.9963792081603
2030,sc01,02-01 16:00:00+01:00,40178.339990855115
2030,sc01,02-05 08:00:00+01:00,1575.285213401862
2030,sc01,02-11 17:00:00+01:00,1287.2293821532194
2030,sc01,02-14 08:00:00+01:00,9472.188372948482
2030,sc01,02-15 17:00:00+01:00,114192.9297375818
2030,sc01,02-18 07:00:00+01:00,252.39341902599156
2030,sc01,02-19 18:00:00+01:00,7170.304076577755
2030,sc01,04-17 10:00:00+02:00,336676.46641086135
2030,sc01,04-20 00:00:00+02:00,2768391.7092376933
2030,sc01,05-20 18:00:00+02:00,526248.8100725878
2030,sc01,05-23 18:00:00+02:00,11500.42619399973
2030,sc01,05-24 18:00:00+02:00,344471.58078805107
2030,sc01,05-27 19:00:00+02:00,950740.7627838806
2030,sc01,06-05 08:00:00+02:00,293056.3804078055
2030,sc01,06-07 07:00:00+02:00,714228.1644116935
2030,sc01,06-19 18:00:00+02:00,132223.43002984356
2030,sc01,06-26 20:00:00+02:00,111288.79345146928
2030,sc01,06-27 04:00:00+02:00,23261.77865818545
2030,sc01,07-02 14:00:00+02:00,710472.3270451511
2030,sc01,07-05 19:00:00+02:00,50858.729199377754
2030,sc01,07-06 07:00:00+02:00,206214.4155451798
2030,sc01,07-09 09:00:00+02:00,69076.99154968676
2030,sc01,07-12 05:00:00+02:00,829830.729416004
2030,sc01,07-19 13:00:00+02:00,48.99014043098436
2030,sc01,07-25 20:00:00+02:00,97873.14369826655
2030,sc01,07-26 20:00:00+02:00,264745.833798116
2030,sc01,10-05 00:00:00+02:00,2335743.03486838
2030,sc01,10-28 12:00:00+01:00,221931.17023093175
2030,sc01,11-15 09:00:00+01:00,79113.62284524503
2030,sc01,11-25 08:00:00+01:00,11838.246179601947
2030,sc01,12-02 16:00:00+01:00,721.5131137745416
2030,sc01,12-14 13:00:00+01:00,1585.6832128156354
2030,sc01,12-19 16:00:00+01:00,3751.4062175738572
