Period,Scenario,LoadLevel,mEUR
2030,sc01,01-03 08:00:00+01:00,47.10092598248558
2030,sc01,01-23 13:00:00+01:00,46963.38408648567
2030,sc01,02-06 10:00:00+01:00,35612.45678763042
2030,sc01,02-21 09:00:00+01:00,324071.40647623123
2030,sc01,02-25 07:00:00+01:00,114661.32180684639
2030,sc01,04-04 06:00:00+02:00,1922948.5089502071
2030,sc01,04-17 19:00:00+02:00,64525.48462489122
2030,sc01,04-19 00:00:00+02:00,2719274.710122347
2030,sc01,04-23 10:00:00+02:00,4403.251759615877
2030,sc01,05-21 06:00:00+02:00,79.21705476929078
2030,sc01,05-28 18:00:00+02:00,54844.26988652035
2030,sc01,05-28 19:00:00+02:00,126525.68120878302
2030,sc01,05-31 06:00:00+02:00,132832.3705290029
2030,sc01,06-04 17:00:00+02:00,676407.5782924738
2030,sc01,06-04 18:00:00+02:00,20.8480881734543
2030,sc01,06-05 05:00:00+02:00,58532.590179685496
2030,sc01,06-10 19:00:00+02:00,2.318760518872935
2030,sc01,06-11 08:00:00+02:00,64483.60752567392
2030,sc01,06-11 19:00:00+02:00,339970.7572090028
2030,sc01,06-13 05:00:00+02:00,23011.00199407692
2030,sc01,06-23 04:00:00+02:00,58688.00752771906
2030,sc01,06-27 07:00:00+02:00,88193.30217405375
2030,sc01,07-02 10:00:00+02:00,81303.00321934164
2030,sc01,07-03 05:00:00+02:00,52299.16133776344
2030,sc01,07-04 11:00:00+02:00,2005.7723140268404
2030,sc01,07-04 19:00:00+02:00,132665.4680029898
2030,sc01,07-10 16:00:00+02:00,53666.156374322345
2030,sc01,07-13 05:00:00+02:00,208966.21786604554
2030,sc01,07-15 05:00:00+02:00,34655.484403451155
2030,sc01,07-19 10:00:00+02:00,408671.77765212563
2030,sc01,07-20 08:00:00+02:00,78711.99443580817
2030,sc01,07-24 05:00:00+02:00,594875.4764285224
2030,sc01,07-27 12:00:00+02:00,2626.3118783620835
2030,sc01,08-01 19:00:00+02:00,6842.203292991693
2030,sc01,08-07 08:00:00+02:00,51410.80918140082
2030,sc01,08-08 20:00:00+02:00,33303.879898033
2030,sc01,08-12 20:00:00+02:00,633.0370065797955
2030,sc01,08-15 19:00:00+02:00,623358.7963907492
2030,sc01,08-26 19:00:00+02:00,39.04046985540316
2030,sc01,09-02 10:00:00+02:00,20.902310937512308
2030,sc01,10-02 00:00:00+02:00,2362230.765404728
