Period,Scenario,LoadLevel,mEUR
2030,sc01,01-14 15:00:00+01:00,272160.66857317643
2030,sc01,01-16 09:00:00+01:00,26568.01119180719
2030,sc01,01-23 12:00:00+01:00,24051.888176027038
2030,sc01,01-25 17:00:00+01:00,7323.07362087384
2030,sc01,01-29 16:00:00+01:00,34598.98198687358
2030,sc01,01-30 09:00:00+01:00,1211.6017248065102
2030,sc01,01-31 10:00:00+01:00,2812.996379208159
2030,sc01,02-01 16:00:00+01:00,40178.33999085508
2030,sc01,02-05 08:00:00+01:00,1575.2852134018628
2030,sc01,02-11 17:00:00+01:00,1287.2293821532214
2030,sc01,02-14 08:00:00+01:00,9472.188372948474
2030,sc01,02-15 17:00:00+01:00,114192.9297375821
2030,sc01,02-18 07:00:00+01:00,252.39341902599205
2030,sc01,02-19 18:00:00+01:00,7170.3040765777605
2030,sc01,04-17 10:00:00+02:00,336676.4664108611
2030,sc01,04-20 00:00:00+02:00,2768391.7092376943
2030,sc01,05-20 18:00:00+02:00,526248.8100725878
2030,sc01,05-23 18:00:00+02:00,11500.426193999765
2030,sc01,05-24 18:00:00+02:00,344471.58078805084
2030,sc01,05-27 19:00:00+02:00,950740.7627838812
2030,sc01,06-05 08:00:00+02:00,293056.3804078059
2030,sc01,06-07 07:00:00+02:00,714228.164411693
2030,sc01,06-19 18:00:00+02:00,132223.43002984335
2030,sc01,06-26 20:00:00+02:00,111288.79345146935
2030,sc01,06-27 04:00:00+02:00,23261.77865818526
2030,sc01,07-02 14:00:00+02:00,710472.3270451513
2030,sc01,07-05 19:00:00+02:00,50858.729199377805
2030,sc01,07-06 07:00:00+02:00,206214.41554518003
2030,sc01,07-09 09:00:00+02:00,69076.99154968679
2030,sc01,07-12 05:00:00+02:00,829830.7294160068
2030,sc01,07-19 13:00:00+02:00,48.99014043098432
2030,sc01,07-25 20:00:00+02:00,97873.14369826653
2030,sc01,07-26 20:00:00+02:00,264745.8337981164
2030,sc01,10-05 00:00:00+02:00,2335743.034868386
2030,sc01,10-28 12:00:00+01:00,221931.17023093192
2030,sc01,11-15 09:00:00+01:00,79113.62284524502
2030,sc01,11-25 08:00:00+01:00,11838.246179601927
2030,sc01,12-02 16:00:00+01:00,721.5131137745419
2030,sc01,12-14 13:00:00+01:00,1585.6832128156389
2030,sc01,12-19 16:00:00+01:00,3751.406217573859
