Period,Scenario,LoadLevel,mEUR
2030,sc01,01-07 19:00:00+01:00,65598.87156447279
2030,sc01,01-31 07:00:00+01:00,4.599611315811386
2030,sc01,02-01 07:00:00+01:00,410001.5213098766
2030,sc01,02-01 13:00:00+01:00,471826.46433971537
2030,sc01,02-08 16:00:00+01:00,87966.84497469469
2030,sc01,02-15 18:00:00+01:00,188.38576030214116
2030,sc01,02-19 19:00:00+01:00,138.24715100832668
2030,sc01,02-26 01:00:00+01:00,124332.28302007983
2030,sc01,03-13 11:00:00+01:00,395312.0063020571
2030,sc01,03-18 09:00:00+01:00,660415.8202809951
2030,sc01,04-08 22:00:00+02:00,424179.60054329486
2030,sc01,04-24 19:00:00+02:00,4213003.638284606
2030,sc01,05-05 11:00:00+02:00,527.7432109074985
2030,sc01,05-21 01:00:00+02:00,43960.55857309589
2030,sc01,06-02 14:00:00+02:00,103324.41494245146
2030,sc01,06-13 11:00:00+02:00,80241.84478988042
2030,sc01,06-22 16:00:00+02:00,16164.76500686749
2030,sc01,07-09 11:00:00+02:00,72190.65243190616
2030,sc01,07-16 18:00:00+02:00,1102990.5049477178
2030,sc01,07-19 02:00:00+02:00,56281.360046586946
2030,sc01,08-17 10:00:00+02:00,11744.125122651294
2030,sc01,08-18 21:00:00+02:00,140150.22214477105
2030,sc01,08-21 16:00:00+02:00,382925.5350453861
2030,sc01,08-25 02:00:00+02:00,21051.080270336344
2030,sc01,09-13 05:00:00+02:00,280703.6911718188
2030,sc01,09-27 03:00:00+02:00,41447.47305874004
2030,sc01,10-21 18:00:00+02:00,65504.83809915694
2030,sc01,10-30 12:00:00+01:00,1584079.1993283434
2030,sc01,10-30 23:00:00+01:00,69464.5479701417
2030,sc01,11-23 00:00:00+01:00,165359.5377264106
2030,sc01,11-28 18:00:00+01:00,148526.65626558737
