Period,Scenario,LoadLevel,mEUR
2030,sc01,02-02 18:00:00+01:00,417239.9830253086
2030,sc01,02-09 17:00:00+01:00,592903.1998415566
2030,sc01,02-26 01:00:00+01:00,156719.58449790213
2030,sc01,03-23 18:00:00+01:00,2417188.353939885
2030,sc01,03-29 16:00:00+01:00,145489.62549780298
2030,sc01,04-08 22:00:00+02:00,184376.44513395117
2030,sc01,05-02 06:00:00+02:00,317277.91852587025
2030,sc01,05-05 11:00:00+02:00,527.7432109074981
2030,sc01,06-02 14:00:00+02:00,109899.14139537231
2030,sc01,06-13 09:00:00+02:00,57780.51132571337
2030,sc01,06-17 08:00:00+02:00,147765.2553472429
2030,sc01,06-25 07:00:00+02:00,288554.31583513576
2030,sc01,06-25 12:00:00+02:00,44006.39857008555
2030,sc01,07-01 04:00:00+02:00,41203.051016396865
2030,sc01,07-08 21:00:00+02:00,177099.61644021492
2030,sc01,07-15 00:00:00+02:00,58050.40909553258
2030,sc01,07-15 21:00:00+02:00,36208.34070004753
2030,sc01,07-16 06:00:00+02:00,232494.24290565535
2030,sc01,07-16 15:00:00+02:00,68124.847601275
2030,sc01,07-24 17:00:00+02:00,1444323.474296282
2030,sc01,08-13 08:00:00+02:00,42194.83155919338
2030,sc01,08-25 21:00:00+02:00,209345.2874299875
2030,sc01,09-04 15:00:00+02:00,203702.6054458081
2030,sc01,09-26 23:00:00+02:00,69599.1618007808
2030,sc01,10-25 04:00:00+02:00,56301.959731881936
2030,sc01,11-04 16:00:00+01:00,718735.3783191236
2030,sc01,11-15 18:00:00+01:00,31186.35757693073
2030,sc01,11-23 09:00:00+01:00,2114378.9597561248
2030,sc01,12-04 03:00:00+01:00,75820.27924244887
2030,sc01,12-07 17:00:00+01:00,40891.85710611556
2030,sc01,12-26 20:00:00+01:00,21362.86087415371
