Period,Scenario,LoadLevel,mEUR
2030,sc01,01-15 16:00:00+01:00,30012.566357480835
2030,sc01,01-29 19:00:00+01:00,70502.38053690108
2030,sc01,01-31 07:00:00+01:00,10.296814080787861
2030,sc01,02-09 17:00:00+01:00,648904.6550194001
2030,sc01,02-15 18:00:00+01:00,278.2098262768766
2030,sc01,02-19 19:00:00+01:00,407.0795006453524
2030,sc01,02-23 03:00:00+01:00,84311.51189813095
2030,sc01,02-27 16:00:00+01:00,1867962.9056382703
2030,sc01,03-09 23:00:00+01:00,219822.52642760368
2030,sc01,03-14 19:00:00+01:00,823742.5837019001
2030,sc01,03-26 14:00:00+01:00,180143.09855442774
2030,sc01,04-15 22:00:00+02:00,109729.61746316428
2030,sc01,05-05 11:00:00+02:00,527.7432109074982
2030,sc01,05-18 14:00:00+02:00,66914.63181600234
2030,sc01,05-23 08:00:00+02:00,142422.8294981166
2030,sc01,06-13 11:00:00+02:00,122810.82703473998
2030,sc01,06-25 16:00:00+02:00,1106027.4636286176
2030,sc01,07-03 13:00:00+02:00,120427.15706580954
2030,sc01,07-08 21:00:00+02:00,173770.94784634476
2030,sc01,07-15 00:00:00+02:00,41151.15578711168
2030,sc01,07-18 02:00:00+02:00,60256.10859133598
2030,sc01,09-06 05:00:00+02:00,234324.5761563299
2030,sc01,09-14 13:00:00+02:00,12816.682562339562
2030,sc01,09-18 03:00:00+02:00,69351.96603556008
2030,sc01,09-24 16:00:00+02:00,1108376.2873334968
2030,sc01,10-16 22:00:00+02:00,272291.13981302036
2030,sc01,10-28 19:00:00+01:00,26026.162986531093
2030,sc01,11-02 18:00:00+01:00,37206.422178538036
2030,sc01,11-03 15:00:00+01:00,3971963.824775814
2030,sc01,11-24 16:00:00+01:00,603965.8373866545
2030,sc01,11-25 14:00:00+01:00,270700.36004408414
