Period,Scenario,LoadLevel,mEUR
2030,sc01,01-05 16:00:00+01:00,385871.8105636252
2030,sc01,01-17 13:00:00+01:00,495604.04565607855
2030,sc01,01-23 20:00:00+01:00,71036.9498386146
2030,sc01,01-25 19:00:00+01:00,22063.926894442266
2030,sc01,01-31 07:00:00+01:00,6.663762818588086
2030,sc01,02-15 18:00:00+01:00,219.802583775522
2030,sc01,02-19 19:00:00+01:00,138.24569185470696
2030,sc01,02-26 03:00:00+01:00,201904.6413052748
2030,sc01,03-14 19:00:00+01:00,826032.3465551307
2030,sc01,03-15 21:00:00+01:00,156724.91986098915
2030,sc01,03-23 18:00:00+01:00,1735761.5058528818
2030,sc01,04-17 15:00:00+02:00,424485.5415141645
2030,sc01,05-05 11:00:00+02:00,527.7432109074983
2030,sc01,05-05 21:00:00+02:00,154187.5036484874
2030,sc01,05-10 16:00:00+02:00,218569.2925705247
2030,sc01,05-18 15:00:00+02:00,49439.97398533394
2030,sc01,05-29 12:00:00+02:00,63617.16889968436
2030,sc01,06-23 14:00:00+02:00,21185.597843291853
2030,sc01,06-26 05:00:00+02:00,1666645.2829757743
2030,sc01,07-11 10:00:00+02:00,431908.37049510016
2030,sc01,07-13 03:00:00+02:00,31027.351632033897
2030,sc01,07-24 17:00:00+02:00,1317876.7990014625
2030,sc01,08-13 02:00:00+02:00,240746.19889873924
2030,sc01,08-25 02:00:00+02:00,21051.08027033634
2030,sc01,08-30 12:00:00+02:00,206227.7718846789
2030,sc01,09-17 02:00:00+02:00,41508.251372262544
2030,sc01,09-29 19:00:00+02:00,277691.9119153093
2030,sc01,10-28 19:00:00+01:00,27960.549334563
2030,sc01,11-04 14:00:00+01:00,1925718.3061330968
2030,sc01,11-23 00:00:00+01:00,214412.33574912132
2030,sc01,11-25 14:00:00+01:00,255045.48632546834
