Period,Scenario,LoadLevel,mEUR
2030,sc01,01-05 16:00:00+01:00,385871.81056362536
2030,sc01,01-17 13:00:00+01:00,495604.0456560777
2030,sc01,01-23 20:00:00+01:00,71036.9498386146
2030,sc01,01-25 19:00:00+01:00,22063.926894442266
2030,sc01,01-31 07:00:00+01:00,6.663762818588103
2030,sc01,02-15 18:00:00+01:00,219.80258377552212
2030,sc01,02-19 19:00:00+01:00,138.24569185470685
2030,sc01,02-26 03:00:00+01:00,201904.6413052747
2030,sc01,03-14 19:00:00+01:00,826032.34655513
2030,sc01,03-15 21:00:00+01:00,156724.9198609891
2030,sc01,03-23 18:00:00+01:00,1735761.50585288
2030,sc01,04-17 15:00:00+02:00,424485.54151416465
2030,sc01,05-05 11:00:00+02:00,527.7432109074982
2030,sc01,05-05 21:00:00+02:00,154187.5036484877
2030,sc01,05-10 16:00:00+02:00,218569.29257052427
2030,sc01,05-18 15:00:00+02:00,49439.97398533393
2030,sc01,05-29 12:00:00+02:00,63617.168899684344
2030,sc01,06-23 14:00:00+02:00,21185.59784329187
2030,sc01,06-26 05:00:00+02:00,1666645.2829757722
2030,sc01,07-11 10:00:00+02:00,431908.3704951009
2030,sc01,07-13 03:00:00+02:00,31027.351632033864
2030,sc01,07-24 17:00:00+02:00,1317876.7990014607
2030,sc01,08-13 02:00:00+02:00,240746.1988987393
2030,sc01,08-25 02:00:00+02:00,21051.080270336344
2030,sc01,08-30 12:00:00+02:00,206227.7718846789
2030,sc01,09-17 02:00:00+02:00,41508.25137226254
2030,sc01,09-29 19:00:00+02:00,277691.91191530926
2030,sc01,10-28 19:00:00+01:00,27960.549334562984
2030,sc01,11-04 14:00:00+01:00,1925718.3061330947
2030,sc01,11-23 00:00:00+01:00,214412.33574912144
2030,sc01,11-25 14:00:00+01:00,255045.486325468
