Period,Scenario,LoadLevel,mEUR
2030,sc01,01-29 18:00:00+01:00,12121.277631015679
2030,sc01,02-02 22:00:00+01:00,242840.6052588233
2030,sc01,02-05 12:00:00+01:00,6.715945907512433
2030,sc01,02-05 19:00:00+01:00,2831.0980943853856
2030,sc01,02-06 17:00:00+01:00,224542.6167116557
2030,sc01,02-09 23:00:00+01:00,4193.7383977650015
2030,sc01,02-11 10:00:00+01:00,350202.3245194
2030,sc01,02-12 07:00:00+01:00,2361796.811478441
2030,sc01,02-19 11:00:00+01:00,1263.1471476655363
2030,sc01,02-23 00:00:00+01:00,839363.5097776343
2030,sc01,02-26 01:00:00+01:00,3226688.864849114
2030,sc01,03-04 12:00:00+01:00,75930.20742067354
2030,sc01,03-07 01:00:00+01:00,177356.6833452167
2030,sc01,03-24 00:00:00+01:00,1100858.1810992055
2030,sc01,03-25 08:00:00+01:00,14068.53616093058
2030,sc01,05-10 00:00:00+02:00,731100.375359984
2030,sc01,05-17 00:00:00+02:00,255532.05359699097
2030,sc01,05-27 00:00:00+02:00,7491125.997141595
2030,sc01,07-07 11:00:00+02:00,5783.435955736913
2030,sc01,07-08 00:00:00+02:00,3383873.3553186585
2030,sc01,07-13 11:00:00+02:00,30007.882916787952
2030,sc01,07-16 10:00:00+02:00,294738.24249234726
2030,sc01,07-20 08:00:00+02:00,266647.2269305247
2030,sc01,07-20 20:00:00+02:00,26831.590766114
2030,sc01,07-21 19:00:00+02:00,1239996.396314484
2030,sc01,07-24 14:00:00+02:00,3221.6932487443087
2030,sc01,09-03 00:00:00+02:00,3758875.555163583
2030,sc01,09-10 00:00:00+02:00,232567.51080169735
2030,sc01,09-20 03:00:00+02:00,1182428.2879407634
2030,sc01,09-29 18:00:00+02:00,1413538.6185525248
2030,sc01,11-09 20:00:00+01:00,343.4661396667457
2030,sc01,11-10 00:00:00+01:00,341248.36073868134
2030,sc01,11-17 10:00:00+01:00,30759.697244193256
2030,sc01,11-20 09:00:00+01:00,173714.0478122415
2030,sc01,11-21 00:00:00+01:00,1199222.0644225413
2030,sc01,11-21 14:00:00+01:00,659525.9122831718
2030,sc01,11-26 18:00:00+01:00,2823.6769498575386
2030,sc01,11-30 17:00:00+01:00,248389.57590349502
2030,sc01,12-02 10:00:00+01:00,53598.45188400419
2030,sc01,12-18 17:00:00+01:00,3653.5326933292017
