Period,InitialNode,FinalNode,Circuit,p.u.
2030,Node_1,Node_3,cac1,0.25554604725441654
2030,Node_1,Node_2,cac2,0.2510509251035165
2030,Node_1,Node_2,cac3,0.2510509251032447
2030,Node_2,Node_3,cac2,0.0
2030,Node_2,Node_3,cac3,0.0
2030,Node_1,Node_2,cac1,0.2510509251032447
2030,Node_2,Node_3,cac1,0.0
2030,Node_1,Node_3,cac3,0.2555460472545301
2030,Node_1,Node_3,cac2,0.2555460472545301
