Period,InitialNode,FinalNode,Circuit,p.u.
2030,Node_2,Node_3,cac2,0.0
2030,Node_1,Node_2,cac3,0.2510507286877464
2030,Node_1,Node_3,cac3,0.2555462191182523
2030,Node_1,Node_2,cac1,0.2510558353673907
2030,Node_1,Node_3,cac2,0.2555462191182523
2030,Node_2,Node_3,cac3,0.0
2030,Node_2,Node_3,cac1,0.0
2030,Node_1,Node_2,cac2,0.2510507286877464
2030,Node_1,Node_3,cac1,0.2555506874650711
