Period,Scenario,LoadLevel,MEUR
2030,sc01,01-15 02:00:00+01:00,0.7672160587206657
2030,sc01,01-26 08:00:00+01:00,0.15320703168203703
2030,sc01,02-08 08:00:00+01:00,0.24722828088023568
2030,sc01,03-03 04:00:00+01:00,7.273409534089415
2030,sc01,03-03 13:00:00+01:00,0.3758763489914713
2030,sc01,03-17 21:00:00+01:00,0.4573384009267977
2030,sc01,04-01 20:00:00+02:00,10.247030312419893
2030,sc01,04-11 14:00:00+02:00,0.4127762710233024
2030,sc01,04-14 16:00:00+02:00,0.37959030392534915
2030,sc01,04-19 21:00:00+02:00,0.7292654986057038
2030,sc01,06-18 07:00:00+02:00,0.32375075165685613
2030,sc01,07-07 13:00:00+02:00,16.015951070309416
2030,sc01,07-24 16:00:00+02:00,4.926758814054824
2030,sc01,07-25 02:00:00+02:00,13.484361597248085
2030,sc01,07-30 08:00:00+02:00,5.674597388731406
2030,sc01,08-03 17:00:00+02:00,7.6397112843284125
2030,sc01,08-07 19:00:00+02:00,33.48020882270182
2030,sc01,09-22 22:00:00+02:00,32.82399972418816
2030,sc01,11-06 18:00:00+01:00,1.5957590480456036
2030,sc01,11-07 21:00:00+01:00,0.9261631443336029
2030,sc01,12-09 08:00:00+01:00,0.49985221354494547
