Period,Scenario,LoadLevel,MEUR
2030,sc01,02-13 08:00:00+01:00,0.30860669259427215
2030,sc01,02-22 18:00:00+01:00,2.526314898447385
2030,sc01,03-05 20:00:00+01:00,0.7374955764316014
2030,sc01,03-07 04:00:00+01:00,2.4852829256797158
2030,sc01,03-21 19:00:00+01:00,1.7696468443094
2030,sc01,04-01 16:00:00+02:00,0.5460953362818411
2030,sc01,04-14 06:00:00+02:00,0.1941173077943511
2030,sc01,05-10 07:00:00+02:00,0.26264107825846067
2030,sc01,05-19 08:00:00+02:00,0.6384262860740517
2030,sc01,06-21 20:00:00+02:00,3.969796643596153
2030,sc01,06-23 22:00:00+02:00,2.780316656885223
2030,sc01,07-02 01:00:00+02:00,1.2628176654863983
2030,sc01,07-19 03:00:00+02:00,2.1683006779996026
2030,sc01,07-31 20:00:00+02:00,4.930577444184278
2030,sc01,08-05 13:00:00+02:00,5.255919313403011
2030,sc01,08-09 00:00:00+02:00,3.512991301985057
2030,sc01,08-18 18:00:00+02:00,6.57626007797879
2030,sc01,10-22 14:00:00+02:00,0.4203339314941591
2030,sc01,10-24 21:00:00+02:00,3.16780419042987
2030,sc01,11-24 05:00:00+01:00,2.046112734559858
