Period,Scenario,LoadLevel,mEUR
2030,sc01,01-03 08:00:00+01:00,47.40457010378425
2030,sc01,01-23 13:00:00+01:00,47069.93058846445
2030,sc01,02-06 10:00:00+01:00,35206.40229535953
2030,sc01,02-21 09:00:00+01:00,322780.158214868
2030,sc01,02-25 07:00:00+01:00,114592.27312013917
2030,sc01,04-04 06:00:00+02:00,1944327.0831592078
2030,sc01,04-17 19:00:00+02:00,64595.99558854646
2030,sc01,04-19 00:00:00+02:00,2719274.710122349
2030,sc01,05-21 06:00:00+02:00,79.22176010436074
2030,sc01,05-28 18:00:00+02:00,78839.37848551932
2030,sc01,05-28 19:00:00+02:00,195022.80968678233
2030,sc01,06-03 07:00:00+02:00,468144.7240862946
2030,sc01,06-04 18:00:00+02:00,20.84777848667178
2030,sc01,06-05 05:00:00+02:00,109511.76604443831
2030,sc01,06-09 19:00:00+02:00,316438.32373385795
2030,sc01,06-20 09:00:00+02:00,233854.1969103977
2030,sc01,06-21 19:00:00+02:00,84584.80334591407
2030,sc01,06-24 18:00:00+02:00,764772.7934793747
2030,sc01,06-27 07:00:00+02:00,131653.8796894149
2030,sc01,06-29 05:00:00+02:00,174945.1727214076
2030,sc01,07-04 11:00:00+02:00,30509.197635836965
2030,sc01,07-04 19:00:00+02:00,170585.7037479326
2030,sc01,07-13 05:00:00+02:00,501851.9424658209
2030,sc01,07-13 17:00:00+02:00,80744.61586385072
2030,sc01,07-18 10:00:00+02:00,889850.32542632
2030,sc01,07-29 18:00:00+02:00,2167959.392973197
2030,sc01,08-01 19:00:00+02:00,6842.054250336653
2030,sc01,08-07 08:00:00+02:00,76080.7851038182
2030,sc01,08-26 19:00:00+02:00,39.04011076122591
2030,sc01,09-02 10:00:00+02:00,20.902962609695457
2030,sc01,10-02 00:00:00+02:00,2359850.0845124414
