Period,Scenario,LoadLevel,mEUR
2030,sc01,01-14 15:00:00+01:00,301600.7484408588
2030,sc01,01-16 09:00:00+01:00,29650.16023982572
2030,sc01,01-18 09:00:00+01:00,486262.4415364369
2030,sc01,01-30 09:00:00+01:00,1224.8774170299323
2030,sc01,01-31 10:00:00+01:00,2885.7486613618967
2030,sc01,02-05 08:00:00+01:00,1617.307276160502
2030,sc01,02-11 17:00:00+01:00,1345.2480811638081
2030,sc01,02-13 09:00:00+01:00,100557.92242099912
2030,sc01,02-14 08:00:00+01:00,9587.158326517572
2030,sc01,02-18 07:00:00+01:00,259.85315138593165
2030,sc01,02-19 18:00:00+01:00,7371.967878677503
2030,sc01,04-14 08:00:00+02:00,310729.63314579363
2030,sc01,04-15 19:00:00+02:00,347036.4092656731
2030,sc01,04-20 00:00:00+02:00,2903542.351057447
2030,sc01,04-26 19:00:00+02:00,247452.3007013425
2030,sc01,05-24 18:00:00+02:00,371499.62841690367
2030,sc01,05-27 19:00:00+02:00,1008418.2764552797
2030,sc01,06-07 07:00:00+02:00,729315.8927954799
2030,sc01,06-11 20:00:00+02:00,1265749.3861962745
2030,sc01,06-19 07:00:00+02:00,1022707.8347450286
2030,sc01,06-26 20:00:00+02:00,111702.07296433739
2030,sc01,06-27 04:00:00+02:00,35552.431435361665
2030,sc01,07-02 14:00:00+02:00,744320.9323671648
2030,sc01,07-05 19:00:00+02:00,54250.585625571795
2030,sc01,07-06 07:00:00+02:00,208849.71681081824
2030,sc01,07-08 18:00:00+02:00,13801.427089795918
2030,sc01,07-19 13:00:00+02:00,48.98894117390216
2030,sc01,09-25 16:00:00+02:00,5064098.564159623
2030,sc01,10-05 00:00:00+02:00,2511511.08169862
2030,sc01,11-15 16:00:00+01:00,7405.155792643382
