Period,Scenario,LoadLevel,mEUR
2030,sc01,01-14 15:00:00+01:00,301600.7484408588
2030,sc01,01-16 09:00:00+01:00,29650.1602398257
2030,sc01,01-18 09:00:00+01:00,486262.44153643696
2030,sc01,01-30 09:00:00+01:00,1224.8774170299323
2030,sc01,01-31 10:00:00+01:00,2885.748661361895
2030,sc01,02-05 08:00:00+01:00,1617.3072761605
2030,sc01,02-11 17:00:00+01:00,1345.2480811638104
2030,sc01,02-13 09:00:00+01:00,100557.92242099906
2030,sc01,02-14 08:00:00+01:00,9587.158326517563
2030,sc01,02-18 07:00:00+01:00,259.8531513859307
2030,sc01,02-19 18:00:00+01:00,7371.967878677501
2030,sc01,04-14 08:00:00+02:00,310729.63314579433
2030,sc01,04-15 19:00:00+02:00,347036.4092656729
2030,sc01,04-20 00:00:00+02:00,2903542.3510574526
2030,sc01,04-26 19:00:00+02:00,247452.300701342
2030,sc01,05-24 18:00:00+02:00,371499.6284169027
2030,sc01,05-27 19:00:00+02:00,1008418.2764552779
2030,sc01,06-07 07:00:00+02:00,729315.89279548
2030,sc01,06-11 20:00:00+02:00,1265749.3861962713
2030,sc01,06-19 07:00:00+02:00,1022707.8347450275
2030,sc01,06-26 20:00:00+02:00,111702.07296433733
2030,sc01,06-27 04:00:00+02:00,35552.431435361206
2030,sc01,07-02 14:00:00+02:00,744320.9323671656
2030,sc01,07-05 19:00:00+02:00,54250.58562557164
2030,sc01,07-06 07:00:00+02:00,208849.71681081865
2030,sc01,07-08 18:00:00+02:00,13801.427089795927
2030,sc01,07-19 13:00:00+02:00,48.98894117390217
2030,sc01,09-25 16:00:00+02:00,5064098.564159633
2030,sc01,10-05 00:00:00+02:00,2511511.0816986198
2030,sc01,11-15 16:00:00+01:00,7405.155792643375
