Period,Scenario,LoadLevel,MEUR
2030,sc01,01-26 15:00:00+01:00,15.91728770123424
2030,sc01,02-12 08:00:00+01:00,27.539094193417583
2030,sc01,02-26 01:00:00+01:00,1.490336451771068
2030,sc01,05-11 21:00:00+02:00,1.4134663350448493
2030,sc01,06-21 15:00:00+02:00,2.409964701050681
2030,sc01,07-15 17:00:00+02:00,7.505207119878777
2030,sc01,07-26 02:00:00+02:00,1.6784529272538253
2030,sc01,08-17 14:00:00+02:00,0.3352633241752975
2030,sc01,10-08 23:00:00+02:00,0.6520793505516875
2030,sc01,10-26 17:00:00+02:00,11.295706008130285
2030,sc01,10-30 16:00:00+01:00,18.00164778755142
