Period,Scenario,LoadLevel,MEUR
2030,sc01,01-26 15:00:00+01:00,12.595522014351005
2030,sc01,02-12 08:00:00+01:00,30.976706368411946
2030,sc01,02-26 01:00:00+01:00,1.6559419171709144
2030,sc01,05-11 21:00:00+02:00,1.5652369157161745
2030,sc01,06-21 15:00:00+02:00,2.8110740067143984
2030,sc01,07-15 17:00:00+02:00,9.721802742552152
2030,sc01,07-26 02:00:00+02:00,2.659100907973158
2030,sc01,08-17 14:00:00+02:00,0.35829996532505065
2030,sc01,10-08 23:00:00+02:00,0.684683318048454
2030,sc01,10-26 17:00:00+02:00,12.957370535195356
2030,sc01,10-30 16:00:00+01:00,14.37952358571617
