Period,Scenario,LoadLevel,MEUR
2030,sc01,01-26 15:00:00+01:00,15.917287701234049
2030,sc01,02-12 08:00:00+01:00,27.539094193417355
2030,sc01,02-26 01:00:00+01:00,1.4903364517710493
2030,sc01,05-11 21:00:00+02:00,1.4134663350448515
2030,sc01,06-21 15:00:00+02:00,2.4099647010506264
2030,sc01,07-15 17:00:00+02:00,7.50520711987828
2030,sc01,07-26 02:00:00+02:00,1.6784529272539135
2030,sc01,08-17 14:00:00+02:00,0.3352633241752974
2030,sc01,10-08 23:00:00+02:00,0.6520793505516798
2030,sc01,10-26 17:00:00+02:00,11.295706008129494
2030,sc01,10-30 16:00:00+01:00,18.00164778755147
