Period,Scenario,LoadLevel,MEUR
2030,sc01,01-26 15:00:00+01:00,21.421060239419994
2030,sc01,02-12 08:00:00+01:00,32.6302949400579
2030,sc01,03-06 01:00:00+01:00,0.6528737578176297
2030,sc01,05-13 18:00:00+02:00,4.294719938998539
2030,sc01,06-01 06:00:00+02:00,0.47449928959372656
2030,sc01,06-10 21:00:00+02:00,0.6286157695859845
2030,sc01,07-15 11:00:00+02:00,1.8949595298156812
2030,sc01,08-17 14:00:00+02:00,0.28299593088418384
2030,sc01,10-04 23:00:00+02:00,0.6846608952504157
2030,sc01,11-16 08:00:00+01:00,14.423128136529131
2030,sc01,11-29 15:00:00+01:00,13.05645289013572
