Period,Scenario,LoadLevel,mEUR
2030,sc01,06-02 08:00:00+02:00,9551766.255586887
2030,sc01,06-11 03:00:00+02:00,0.0
2030,sc01,06-17 22:00:00+02:00,22321447.140990477
2030,sc01,06-22 06:00:00+02:00,81557952.56195892
2030,sc01,06-25 16:00:00+02:00,0.0
2030,sc01,08-06 06:00:00+02:00,10078652.233790815
2030,sc01,09-21 03:00:00+02:00,76861619.68974972
2030,sc01,10-07 17:00:00+02:00,179903860.0788723
2030,sc01,11-13 14:00:00+01:00,50143470.915035024
2030,sc01,11-16 21:00:00+01:00,11689636.630536832
