Period,Scenario,LoadLevel,mEUR
2030,sc01,01-18 17:00:00+01:00,745850.0235164694
2030,sc01,01-28 02:00:00+01:00,42576.614663016706
2030,sc01,01-28 08:00:00+01:00,415014.7556107116
2030,sc01,01-29 09:00:00+01:00,1158.715290818667
2030,sc01,01-30 14:00:00+01:00,505211.75828084315
2030,sc01,01-30 22:00:00+01:00,240898.85399980278
2030,sc01,02-15 16:00:00+01:00,649125.282925188
2030,sc01,02-19 00:00:00+01:00,68223.14658083892
2030,sc01,03-18 07:00:00+01:00,1635687.1430736664
2030,sc01,03-28 10:00:00+01:00,90526.3876234109
2030,sc01,04-15 23:00:00+02:00,93813.66149482767
2030,sc01,04-17 03:00:00+02:00,14324.0052205145
2030,sc01,05-03 14:00:00+02:00,16215.184332885972
2030,sc01,05-06 15:00:00+02:00,34256.69156242449
2030,sc01,05-12 07:00:00+02:00,2084.0011491505757
2030,sc01,05-16 03:00:00+02:00,34042.63475302824
2030,sc01,05-23 02:00:00+02:00,24204.313173745206
2030,sc01,05-26 16:00:00+02:00,1574.6448851242205
2030,sc01,05-31 14:00:00+02:00,13366.101774103563
2030,sc01,06-06 06:00:00+02:00,791333.4485644625
2030,sc01,06-07 18:00:00+02:00,813104.4387702286
2030,sc01,06-10 09:00:00+02:00,3235.815913107605
2030,sc01,06-16 11:00:00+02:00,84124.1523097259
2030,sc01,06-17 01:00:00+02:00,21142.815303583473
2030,sc01,07-02 21:00:00+02:00,92791.44118416905
2030,sc01,07-07 19:00:00+02:00,166260.1234636065
2030,sc01,07-26 23:00:00+02:00,39302.52137109007
2030,sc01,07-30 10:00:00+02:00,31161.85257443061
2030,sc01,08-03 13:00:00+02:00,273.9746169660952
2030,sc01,08-16 15:00:00+02:00,15136.037638392327
2030,sc01,08-28 16:00:00+02:00,1721150.2349686106
2030,sc01,09-01 04:00:00+02:00,7033.277950774451
2030,sc01,09-04 00:00:00+02:00,27748.81786155443
2030,sc01,09-13 16:00:00+02:00,405711.47533194436
2030,sc01,09-27 01:00:00+02:00,53060.30735533775
2030,sc01,10-06 18:00:00+02:00,577991.6206562157
2030,sc01,10-15 19:00:00+02:00,153772.77915812944
2030,sc01,10-31 23:00:00+01:00,121141.58418082315
2030,sc01,11-04 16:00:00+01:00,718735.378319124
2030,sc01,11-27 19:00:00+01:00,126225.7995846527
2030,sc01,11-30 05:00:00+01:00,105475.18822972571
