Period,Scenario,LoadLevel,mEUR
2030,sc01,01-18 17:00:00+01:00,518303.9724495244
2030,sc01,01-22 07:00:00+01:00,63460.279738696954
2030,sc01,01-29 02:00:00+01:00,114368.44027768199
2030,sc01,01-29 09:00:00+01:00,1150.8074490807219
2030,sc01,01-30 14:00:00+01:00,421658.9534321658
2030,sc01,02-17 21:00:00+01:00,25812.117421962772
2030,sc01,03-04 21:00:00+01:00,22465.274824668766
2030,sc01,03-05 18:00:00+01:00,13192842.990684474
2030,sc01,03-20 08:00:00+01:00,565943.754202477
2030,sc01,03-21 00:00:00+01:00,61108.534143686236
2030,sc01,03-30 03:00:00+01:00,19728.98823398197
2030,sc01,04-08 15:00:00+02:00,136082.28289828714
2030,sc01,05-09 04:00:00+02:00,99573.55794086574
2030,sc01,05-10 19:00:00+02:00,488394.7040480946
2030,sc01,05-16 09:00:00+02:00,61664.85297710149
2030,sc01,06-01 16:00:00+02:00,4314.412107739038
2030,sc01,06-03 10:00:00+02:00,29561.816460086146
2030,sc01,06-14 11:00:00+02:00,2881.008799863097
2030,sc01,06-16 11:00:00+02:00,94836.88281276633
2030,sc01,06-27 12:00:00+02:00,3289.9256044236004
2030,sc01,06-30 03:00:00+02:00,15623.133994643411
2030,sc01,07-01 10:00:00+02:00,62402.80975755195
2030,sc01,07-03 14:00:00+02:00,63610.307200066876
2030,sc01,07-16 21:00:00+02:00,80591.58878180847
2030,sc01,07-21 00:00:00+02:00,64180.679809231915
2030,sc01,07-29 22:00:00+02:00,150175.90197969516
2030,sc01,07-31 15:00:00+02:00,84867.88160924905
2030,sc01,08-03 13:00:00+02:00,193.3919337206168
2030,sc01,08-25 03:00:00+02:00,11499.332791985658
2030,sc01,08-27 01:00:00+02:00,60521.86828088991
2030,sc01,09-12 16:00:00+02:00,181509.9788339498
2030,sc01,09-14 20:00:00+02:00,81736.4845890688
2030,sc01,09-15 22:00:00+02:00,31093.601251215503
2030,sc01,10-15 19:00:00+02:00,82827.52692915185
2030,sc01,10-21 16:00:00+02:00,646703.6407008125
2030,sc01,11-10 22:00:00+01:00,80797.54858866286
2030,sc01,11-15 03:00:00+01:00,79178.9441747608
2030,sc01,11-20 21:00:00+01:00,29529.17038006923
2030,sc01,11-21 07:00:00+01:00,21719.072315885693
2030,sc01,12-12 18:00:00+01:00,534.5173120007976
2030,sc01,12-18 13:00:00+01:00,147778.1571125807
