Period,Scenario,LoadLevel,mEUR
2030,sc01,01-05 16:00:00+01:00,368155.5230819646
2030,sc01,01-07 19:00:00+01:00,85859.36970123884
2030,sc01,01-11 09:00:00+01:00,2867.2465041276
2030,sc01,01-17 07:00:00+01:00,86.47504040874651
2030,sc01,01-17 13:00:00+01:00,445898.9470027469
2030,sc01,01-28 10:00:00+01:00,44.996204262513466
2030,sc01,01-30 23:00:00+01:00,38615.03382209401
2030,sc01,01-31 07:00:00+01:00,6.663762818588114
2030,sc01,02-02 18:00:00+01:00,266783.6162136566
2030,sc01,02-15 18:00:00+01:00,219.8025837755224
2030,sc01,02-18 19:00:00+01:00,85.02269003690108
2030,sc01,02-26 03:00:00+01:00,147661.5340988546
2030,sc01,03-07 10:00:00+01:00,662407.0568608888
2030,sc01,03-13 11:00:00+01:00,171850.27233494978
2030,sc01,03-15 21:00:00+01:00,121462.09911646094
2030,sc01,03-27 13:00:00+01:00,46630.12397543804
2030,sc01,04-15 22:00:00+02:00,113524.02284744159
2030,sc01,04-23 18:00:00+02:00,803530.4874438212
2030,sc01,05-05 11:00:00+02:00,527.743210907498
2030,sc01,05-11 08:00:00+02:00,1879.1783253598055
2030,sc01,05-11 10:00:00+02:00,49634.24579945625
2030,sc01,05-16 02:00:00+02:00,44405.80384902834
2030,sc01,07-05 17:00:00+02:00,258089.03180262467
2030,sc01,07-11 10:00:00+02:00,791830.5706592354
2030,sc01,07-19 02:00:00+02:00,56281.360046586946
2030,sc01,07-28 08:00:00+02:00,9003.532646835385
2030,sc01,08-06 22:00:00+02:00,178444.96414412934
2030,sc01,08-17 10:00:00+02:00,5606.061299902538
2030,sc01,08-25 02:00:00+02:00,24135.393272743
2030,sc01,08-26 05:00:00+02:00,102530.38127022094
2030,sc01,09-14 13:00:00+02:00,13419.739016057001
2030,sc01,09-17 14:00:00+02:00,145906.43736982855
2030,sc01,09-21 05:00:00+02:00,43600.88950804983
2030,sc01,10-13 19:00:00+02:00,123311.78927654237
2030,sc01,11-03 22:00:00+01:00,82895.15008447884
2030,sc01,11-04 13:00:00+01:00,1061588.5494118487
2030,sc01,11-12 13:00:00+01:00,135325.70642142303
2030,sc01,11-25 14:00:00+01:00,249148.68019219986
2030,sc01,11-28 18:00:00+01:00,148525.12481765202
2030,sc01,11-30 16:00:00+01:00,591896.2091953283
2030,sc01,12-04 03:00:00+01:00,64393.309052891025
