Period,Scenario,LoadLevel,mEUR
2030,sc01,01-05 16:00:00+01:00,376973.3070106566
2030,sc01,01-17 13:00:00+01:00,532715.3996371375
2030,sc01,01-22 10:00:00+01:00,6725.263582538215
2030,sc01,01-23 20:00:00+01:00,65539.45735629801
2030,sc01,01-25 19:00:00+01:00,17871.780784498238
2030,sc01,01-28 10:00:00+01:00,44.996204262513544
2030,sc01,01-31 07:00:00+01:00,6.663762818588131
2030,sc01,02-15 18:00:00+01:00,219.80258377552275
2030,sc01,02-19 19:00:00+01:00,138.24569185470696
2030,sc01,02-21 15:00:00+01:00,168844.9470276373
2030,sc01,02-26 02:00:00+01:00,124918.86889924132
2030,sc01,03-14 19:00:00+01:00,819172.5920531221
2030,sc01,03-15 21:00:00+01:00,157619.2114549069
2030,sc01,03-16 18:00:00+01:00,799514.0732963445
2030,sc01,03-28 14:00:00+01:00,34395.171634012426
2030,sc01,04-13 01:00:00+02:00,29338.798711452702
2030,sc01,04-15 22:00:00+02:00,123957.7419022247
2030,sc01,04-17 15:00:00+02:00,260868.3369090776
2030,sc01,04-28 10:00:00+02:00,31465.965857889376
2030,sc01,05-04 18:00:00+02:00,204325.2325621463
2030,sc01,05-05 11:00:00+02:00,527.7432109074983
2030,sc01,05-21 01:00:00+02:00,24499.382957674545
2030,sc01,05-29 12:00:00+02:00,35381.45331507868
2030,sc01,07-07 16:00:00+02:00,25186.268590683398
2030,sc01,07-10 01:00:00+02:00,21465.866758472108
2030,sc01,07-11 11:00:00+02:00,233919.4684205662
2030,sc01,07-15 07:00:00+02:00,507168.2819685078
2030,sc01,07-20 02:00:00+02:00,19966.50451950936
2030,sc01,07-24 17:00:00+02:00,704703.7305285555
2030,sc01,07-27 10:00:00+02:00,9891.433590078084
2030,sc01,08-04 13:00:00+02:00,25043.2583516751
2030,sc01,08-06 22:00:00+02:00,134433.99055180812
2030,sc01,08-25 02:00:00+02:00,20459.510441628732
2030,sc01,08-30 15:00:00+02:00,192604.6911641392
2030,sc01,09-17 02:00:00+02:00,35628.51420772275
2030,sc01,09-29 19:00:00+02:00,196966.44291626324
2030,sc01,10-25 03:00:00+02:00,14880.827575289322
2030,sc01,11-04 14:00:00+01:00,2023953.6555186673
2030,sc01,11-04 20:00:00+01:00,26465.822737730585
2030,sc01,11-23 00:00:00+01:00,201144.44436870387
2030,sc01,11-25 14:00:00+01:00,267046.0040703657
