Period,Scenario,LoadLevel,mEUR
2030,sc01,01-05 16:00:00+01:00,376973.30701065686
2030,sc01,01-17 13:00:00+01:00,532715.3996371385
2030,sc01,01-22 10:00:00+01:00,6725.2635825382185
2030,sc01,01-23 20:00:00+01:00,65539.45735629823
2030,sc01,01-25 19:00:00+01:00,17871.780784498358
2030,sc01,01-28 10:00:00+01:00,44.996204262513466
2030,sc01,01-31 07:00:00+01:00,6.663762818588112
2030,sc01,02-15 18:00:00+01:00,219.80258377552235
2030,sc01,02-19 19:00:00+01:00,138.245691854707
2030,sc01,02-21 15:00:00+01:00,168844.94702763716
2030,sc01,02-26 02:00:00+01:00,124918.86889924135
2030,sc01,03-14 19:00:00+01:00,819172.592053122
2030,sc01,03-15 21:00:00+01:00,157619.2114549069
2030,sc01,03-16 18:00:00+01:00,799514.0732963455
2030,sc01,03-28 14:00:00+01:00,34395.17163401243
2030,sc01,04-13 01:00:00+02:00,29338.798711452626
2030,sc01,04-15 22:00:00+02:00,123957.74190222473
2030,sc01,04-17 15:00:00+02:00,260868.33690907707
2030,sc01,04-28 10:00:00+02:00,31465.9658578894
2030,sc01,05-04 18:00:00+02:00,204325.23256214728
2030,sc01,05-05 11:00:00+02:00,527.7432109074981
2030,sc01,05-21 01:00:00+02:00,24499.382957674545
2030,sc01,05-29 12:00:00+02:00,35381.45331507868
2030,sc01,07-07 16:00:00+02:00,25186.268590683405
2030,sc01,07-10 01:00:00+02:00,21465.86675847211
2030,sc01,07-11 11:00:00+02:00,233919.46842056638
2030,sc01,07-15 07:00:00+02:00,507168.2819685083
2030,sc01,07-20 02:00:00+02:00,19966.50451950937
2030,sc01,07-24 17:00:00+02:00,704703.730528556
2030,sc01,07-27 10:00:00+02:00,9891.43359007811
2030,sc01,08-04 13:00:00+02:00,25043.258351675115
2030,sc01,08-06 22:00:00+02:00,134433.9905518082
2030,sc01,08-25 02:00:00+02:00,20459.510441628718
2030,sc01,08-30 15:00:00+02:00,192604.69116413916
2030,sc01,09-17 02:00:00+02:00,35628.51420772275
2030,sc01,09-29 19:00:00+02:00,196966.44291626327
2030,sc01,10-25 03:00:00+02:00,14880.827575289313
2030,sc01,11-04 14:00:00+01:00,2023953.6555186687
2030,sc01,11-04 20:00:00+01:00,26465.82273773058
2030,sc01,11-23 00:00:00+01:00,201144.444368704
2030,sc01,11-25 14:00:00+01:00,267046.0040703657
