Period,Scenario,LoadLevel,mEUR
2030,sc01,01-14 21:00:00+01:00,233243.55981992738
2030,sc01,02-09 17:00:00+01:00,610934.0166487371
2030,sc01,02-15 07:00:00+01:00,401850.57592673803
2030,sc01,02-23 03:00:00+01:00,76951.72988852851
2030,sc01,03-09 23:00:00+01:00,69266.22662865063
2030,sc01,03-12 22:00:00+01:00,93737.55531757405
2030,sc01,03-17 04:00:00+01:00,24418.620812853158
2030,sc01,03-27 06:00:00+01:00,363134.3809855482
2030,sc01,03-28 14:00:00+01:00,42992.305888738956
2030,sc01,03-29 17:00:00+01:00,720315.1633839657
2030,sc01,04-13 01:00:00+02:00,10698.469739467597
2030,sc01,04-18 04:00:00+02:00,6664.358898682895
2030,sc01,05-05 11:00:00+02:00,527.743210907498
2030,sc01,05-05 21:00:00+02:00,39929.61421644613
2030,sc01,05-12 05:00:00+02:00,12759.641552085704
2030,sc01,05-17 01:00:00+02:00,16619.427712293138
2030,sc01,06-02 14:00:00+02:00,107346.40291036644
2030,sc01,06-07 18:00:00+02:00,1003832.6404570675
2030,sc01,06-25 09:00:00+02:00,119384.3566311701
2030,sc01,07-03 13:00:00+02:00,63802.77383711414
2030,sc01,07-15 07:00:00+02:00,379443.9665124553
2030,sc01,07-18 02:00:00+02:00,22564.16095835055
2030,sc01,07-26 16:00:00+02:00,151511.71883074267
2030,sc01,08-02 17:00:00+02:00,487808.7882758647
2030,sc01,08-03 09:00:00+02:00,30128.73658009612
2030,sc01,08-16 22:00:00+02:00,74777.88588794618
2030,sc01,08-25 02:00:00+02:00,17087.14087179912
2030,sc01,09-18 03:00:00+02:00,32079.222485998223
2030,sc01,09-19 20:00:00+02:00,17828.57039218687
2030,sc01,09-25 04:00:00+02:00,35556.19446798242
2030,sc01,10-01 10:00:00+02:00,112525.05559667914
2030,sc01,10-15 19:00:00+02:00,59087.95686264977
2030,sc01,10-26 02:00:00+02:00,7889.261542410724
2030,sc01,10-28 19:00:00+01:00,28753.717070100083
2030,sc01,10-30 01:00:00+01:00,22196.554930685175
2030,sc01,10-30 15:00:00+01:00,2660694.2113500596
2030,sc01,11-03 22:00:00+01:00,63411.15783660215
2030,sc01,11-15 18:00:00+01:00,31186.357576930743
2030,sc01,11-24 01:00:00+01:00,58033.29042005616
2030,sc01,11-25 14:00:00+01:00,273149.71568199503
2030,sc01,12-07 17:00:00+01:00,40891.85710611557
