Period,Scenario,LoadLevel,mEUR
2030,sc01,01-03 19:00:00+01:00,169.3763982107141
2030,sc01,01-07 16:00:00+01:00,43.070129334359756
2030,sc01,01-08 08:00:00+01:00,3300.2019242425517
2030,sc01,01-08 18:00:00+01:00,38.686288758482064
2030,sc01,01-09 09:00:00+01:00,205.85212361646117
2030,sc01,01-10 10:00:00+01:00,1076.8251237153584
2030,sc01,01-10 15:00:00+01:00,815.0237981659185
2030,sc01,01-10 17:00:00+01:00,2264.884466342739
2030,sc01,01-11 08:00:00+01:00,220.52248282275187
2030,sc01,01-11 16:00:00+01:00,39.64675123862682
2030,sc01,01-15 16:00:00+01:00,40.428494817231936
2030,sc01,01-15 19:00:00+01:00,457.02899588405273
2030,sc01,01-17 16:00:00+01:00,5350.823699928691
2030,sc01,01-17 18:00:00+01:00,421.41853761157654
2030,sc01,01-21 08:00:00+01:00,1322.005247334355
2030,sc01,01-21 16:00:00+01:00,40.0845493879832
2030,sc01,01-22 10:00:00+01:00,1276.277900128037
2030,sc01,01-23 08:00:00+01:00,2879.7250810386768
2030,sc01,01-24 08:00:00+01:00,738.623396347887
2030,sc01,01-24 10:00:00+01:00,278.66536617553896
2030,sc01,01-24 17:00:00+01:00,5601.918943567688
2030,sc01,01-25 10:00:00+01:00,601.0624045234421
2030,sc01,01-25 11:00:00+01:00,512.4118119035998
2030,sc01,01-25 16:00:00+01:00,625.6948545621162
2030,sc01,01-30 18:00:00+01:00,298.51814599801537
2030,sc01,01-30 20:00:00+01:00,455.2318164426001
2030,sc01,02-01 19:00:00+01:00,526.1376506981725
2030,sc01,02-04 01:00:00+01:00,277279.922943896
2030,sc01,02-04 17:00:00+01:00,1324.3111390668312
2030,sc01,02-05 19:00:00+01:00,110.09982603651889
2030,sc01,02-06 15:00:00+01:00,5929203.753605709
2030,sc01,02-06 18:00:00+01:00,1.714025687606789
2030,sc01,02-06 19:00:00+01:00,118.85178419412584
2030,sc01,02-12 19:00:00+01:00,105.79850245547127
2030,sc01,02-25 19:00:00+01:00,41.08375077477567
2030,sc01,03-26 08:00:00+01:00,7380209.957294973
2030,sc01,05-04 07:00:00+02:00,900008.3729844905
2030,sc01,06-15 19:00:00+02:00,1909750.5565688573
2030,sc01,07-30 09:00:00+02:00,1915235.5402881766
2030,sc01,09-03 07:00:00+02:00,3141507.0410946133
2030,sc01,10-01 09:00:00+02:00,4540319.54524976
2030,sc01,10-28 13:00:00+01:00,855580.7918747605
2030,sc01,11-25 21:00:00+01:00,430268.2251741334
2030,sc01,12-02 16:00:00+01:00,41.23614448465841
2030,sc01,12-05 19:00:00+01:00,8.001267521462536
2030,sc01,12-09 17:00:00+01:00,88.28492843507804
2030,sc01,12-10 18:00:00+01:00,2.0397217171248156
2030,sc01,12-11 17:00:00+01:00,36.39198959519252
2030,sc01,12-12 18:00:00+01:00,103.48894432962332
2030,sc01,12-14 05:00:00+01:00,221932.04574774424
