Period,Scenario,LoadLevel,MEUR
2030,sc01,01-24 05:00:00+01:00,37.876889166560105
2030,sc01,01-28 09:00:00+01:00,20.894906074430793
2030,sc01,02-03 17:00:00+01:00,104.68430574677689
2030,sc01,03-04 04:00:00+01:00,20.448542579036364
2030,sc01,03-12 20:00:00+01:00,24.29715330413806
2030,sc01,03-18 14:00:00+01:00,0.0
2030,sc01,03-23 12:00:00+01:00,0.1872475927830664
2030,sc01,03-24 03:00:00+01:00,0.0
2030,sc01,03-24 06:00:00+01:00,5.4444274252717575
2030,sc01,04-08 14:00:00+02:00,11.674077161373363
2030,sc01,04-17 03:00:00+02:00,0.0
2030,sc01,04-29 03:00:00+02:00,0.0
2030,sc01,05-22 17:00:00+02:00,0.0
2030,sc01,06-13 10:00:00+02:00,0.853514297297269
2030,sc01,06-24 01:00:00+02:00,0.0
2030,sc01,06-24 09:00:00+02:00,0.771408233688956
2030,sc01,06-27 21:00:00+02:00,7.235597766103748
2030,sc01,07-04 06:00:00+02:00,13.488533874662764
2030,sc01,08-22 09:00:00+02:00,20.616231560385515
2030,sc01,08-22 14:00:00+02:00,37.04287658882868
2030,sc01,08-27 17:00:00+02:00,52.821052585133835
2030,sc01,09-13 00:00:00+02:00,0.0
2030,sc01,09-16 19:00:00+02:00,5.19478717811169
2030,sc01,10-05 09:00:00+02:00,0.47429317249704395
2030,sc01,10-07 05:00:00+02:00,32.20439970587525
2030,sc01,10-22 19:00:00+02:00,86.0663059870668
2030,sc01,10-23 18:00:00+02:00,183.0072024590733
2030,sc01,10-29 00:00:00+01:00,113.8281296669023
2030,sc01,11-13 15:00:00+01:00,61.85280224543919
2030,sc01,11-14 13:00:00+01:00,7.33292454218445
2030,sc01,11-26 16:00:00+01:00,33.002651961266714
