Period,Scenario,LoadLevel,MEUR
2030,sc01,01-24 05:00:00+01:00,22.735469440030432
2030,sc01,01-28 13:00:00+01:00,5.503016563355314
2030,sc01,02-10 17:00:00+01:00,61.350055658902434
2030,sc01,02-20 00:00:00+01:00,19.630614723956413
2030,sc01,02-25 13:00:00+01:00,1.4896019209327633
2030,sc01,03-04 08:00:00+01:00,16.06222101771042
2030,sc01,03-13 22:00:00+01:00,0.0
2030,sc01,03-24 06:00:00+01:00,6.319628671041895
2030,sc01,03-30 20:00:00+01:00,0.6179620721618532
2030,sc01,04-08 14:00:00+02:00,10.733776873384922
2030,sc01,04-25 14:00:00+02:00,0.0
2030,sc01,04-29 04:00:00+02:00,0.0
2030,sc01,05-17 01:00:00+02:00,0.0004302739575182469
2030,sc01,06-13 14:00:00+02:00,0.0
2030,sc01,06-15 21:00:00+02:00,2.663937177305306
2030,sc01,06-16 05:00:00+02:00,0.0
2030,sc01,07-09 01:00:00+02:00,0.0
2030,sc01,07-15 03:00:00+02:00,0.0
2030,sc01,07-28 10:00:00+02:00,1.5261296741756394
2030,sc01,08-09 16:00:00+02:00,1.367106971194467
2030,sc01,08-20 18:00:00+02:00,15.134200926384771
2030,sc01,09-28 09:00:00+02:00,11.100843453448649
2030,sc01,10-01 23:00:00+02:00,11.998017883385069
2030,sc01,10-07 05:00:00+02:00,35.96591522812739
2030,sc01,10-16 14:00:00+02:00,2.195149339935858
2030,sc01,10-22 19:00:00+02:00,69.4664837126866
2030,sc01,10-24 12:00:00+02:00,1.7918105813791427
2030,sc01,10-28 00:00:00+01:00,34.743124760104806
2030,sc01,11-10 01:00:00+01:00,4.475366423705905
2030,sc01,11-20 16:00:00+01:00,15.00810062673895
2030,sc01,11-27 17:00:00+01:00,82.4131153045536
