Period,Scenario,LoadLevel,mEUR
2030,sc01,01-02 18:00:00+01:00,7080.869054000195
2030,sc01,01-15 09:00:00+01:00,6749.073340961624
2030,sc01,01-28 17:00:00+01:00,418.5038664747806
2030,sc01,02-13 00:00:00+01:00,174252157.87185988
2030,sc01,05-12 00:00:00+02:00,0.0
2030,sc01,08-12 00:00:00+02:00,0.0
2030,sc01,11-05 19:00:00+01:00,981147.1770842198
2030,sc01,11-11 19:00:00+01:00,657089.8188620362
2030,sc01,11-13 00:00:00+01:00,172661987.0925824
2030,sc01,11-21 09:00:00+01:00,557969.1065720969
