Period,Scenario,LoadLevel,MEUR
2030,sc01,01-30 17:00:00+01:00,0.7807550901449969
2030,sc01,02-02 14:00:00+01:00,0.1209694224281949
2030,sc01,02-02 16:00:00+01:00,0.40263697409112587
2030,sc01,02-10 23:00:00+01:00,2.4224333457208407
2030,sc01,02-12 18:00:00+01:00,4.216992204132254
2030,sc01,02-12 23:00:00+01:00,4.008504093366574
2030,sc01,02-14 10:00:00+01:00,0.16356239432532707
2030,sc01,02-16 11:00:00+01:00,1.5674202608326548
2030,sc01,03-07 00:00:00+01:00,0.5411032331680317
2030,sc01,03-08 20:00:00+01:00,4.812223692610578
2030,sc01,03-10 06:00:00+01:00,2.634395891928522
2030,sc01,03-21 06:00:00+01:00,4.464313193951678
2030,sc01,04-01 10:00:00+02:00,0.7494034597655169
2030,sc01,04-17 03:00:00+02:00,1.0478213738457574
2030,sc01,04-19 10:00:00+02:00,0.18496199749105077
2030,sc01,05-05 09:00:00+02:00,0.31111982821311407
2030,sc01,05-26 07:00:00+02:00,2.5470297327575566
2030,sc01,06-06 14:00:00+02:00,0.17485944446461216
2030,sc01,06-27 03:00:00+02:00,4.681085808460688
2030,sc01,07-01 05:00:00+02:00,5.341084409547668
2030,sc01,07-04 11:00:00+02:00,0.9971811709855652
2030,sc01,07-18 19:00:00+02:00,5.940906967534161
2030,sc01,07-22 10:00:00+02:00,1.1940024557091924
2030,sc01,07-29 22:00:00+02:00,1.5491092586400115
2030,sc01,07-30 16:00:00+02:00,1.3736380643132495
2030,sc01,08-02 14:00:00+02:00,0.19717709107309356
2030,sc01,08-11 13:00:00+02:00,0.6409466166601017
2030,sc01,09-12 06:00:00+02:00,4.063426925673996
2030,sc01,09-23 14:00:00+02:00,0.3505222587457154
2030,sc01,09-29 19:00:00+02:00,5.516072909403034
2030,sc01,09-30 06:00:00+02:00,4.1518610973667185
2030,sc01,10-23 01:00:00+02:00,1.8476039398363646
2030,sc01,10-26 08:00:00+02:00,0.18810044386560024
2030,sc01,10-27 15:00:00+01:00,1.696707416043746
2030,sc01,11-07 07:00:00+01:00,0.3159151071610808
2030,sc01,11-12 07:00:00+01:00,2.246998413171867
2030,sc01,11-13 18:00:00+01:00,1.7356182457686606
2030,sc01,11-22 17:00:00+01:00,0.26001300561042817
2030,sc01,11-27 13:00:00+01:00,0.1979850281717493
2030,sc01,12-04 03:00:00+01:00,1.4503909927004162
2030,sc01,12-21 08:00:00+01:00,0.6137324647304957
