Period,Scenario,LoadLevel,MEUR
2030,sc01,02-01 18:00:00+01:00,0.9170129172818255
2030,sc01,02-06 23:00:00+01:00,3.9627230157027045
2030,sc01,02-18 08:00:00+01:00,7.009723982319726
2030,sc01,02-21 02:00:00+01:00,2.2791981655621085
2030,sc01,02-22 15:00:00+01:00,0.7525854828386819
2030,sc01,03-20 14:00:00+01:00,0.6474302597391969
2030,sc01,04-06 10:00:00+02:00,0.244136598887739
2030,sc01,04-11 21:00:00+02:00,4.8992417729896065
2030,sc01,04-16 04:00:00+02:00,4.120084525288474
2030,sc01,04-16 16:00:00+02:00,1.0713035600768739
2030,sc01,04-19 08:00:00+02:00,0.2867001385108785
2030,sc01,04-24 03:00:00+02:00,1.1343904123200779
2030,sc01,04-25 06:00:00+02:00,0.2238137499306606
2030,sc01,05-11 21:00:00+02:00,1.7620510074110998
2030,sc01,05-12 06:00:00+02:00,0.7000442585966726
2030,sc01,05-12 22:00:00+02:00,0.8007546477204307
2030,sc01,05-29 07:00:00+02:00,0.9991740978398777
2030,sc01,06-10 14:00:00+02:00,2.99789004962636
2030,sc01,06-16 17:00:00+02:00,0.3523649643914456
2030,sc01,06-20 20:00:00+02:00,1.3520546995294414
2030,sc01,06-24 00:00:00+02:00,4.516123487555049
2030,sc01,06-27 08:00:00+02:00,1.2082683380812818
2030,sc01,07-08 22:00:00+02:00,4.18182798015735
2030,sc01,07-25 17:00:00+02:00,0.45199498753286993
2030,sc01,07-25 23:00:00+02:00,2.690178562635894
2030,sc01,07-27 17:00:00+02:00,0.9632016848552537
2030,sc01,08-10 22:00:00+02:00,4.960014554854811
2030,sc01,09-03 21:00:00+02:00,2.136893996655363
2030,sc01,09-12 13:00:00+02:00,0.4407521466661339
2030,sc01,09-13 20:00:00+02:00,1.47199803526431
2030,sc01,09-15 08:00:00+02:00,1.4824571249207976
2030,sc01,09-16 03:00:00+02:00,4.064768896390145
2030,sc01,09-20 16:00:00+02:00,0.4008921476769326
2030,sc01,10-23 19:00:00+02:00,2.2088022833576737
2030,sc01,10-27 05:00:00+01:00,1.7085295776370566
2030,sc01,10-29 09:00:00+01:00,1.777160001248686
2030,sc01,11-09 16:00:00+01:00,0.6094796274836037
2030,sc01,11-13 00:00:00+01:00,2.176803470197359
2030,sc01,11-21 10:00:00+01:00,1.085477147447401
2030,sc01,11-28 20:00:00+01:00,3.237659132990453
