Period,Scenario,LoadLevel,mEUR
2030,sc01,02-19 16:00:00+01:00,6737313.389643617
2030,sc01,02-22 18:00:00+01:00,82217111.95718125
2030,sc01,03-16 07:00:00+01:00,0.0
2030,sc01,05-30 06:00:00+02:00,23115487.00154462
2030,sc01,05-30 09:00:00+02:00,29462207.766801454
2030,sc01,08-14 04:00:00+02:00,0.0
2030,sc01,08-30 16:00:00+02:00,125148878.38225038
2030,sc01,10-19 18:00:00+02:00,261128249.87882906
2030,sc01,11-12 00:00:00+01:00,22646967.0127275
2030,sc01,11-22 15:00:00+01:00,83447211.31898351
