Period,Scenario,LoadLevel,mEUR
2030,sc01,01-03 10:00:00+01:00,3423489.256349591
2030,sc01,03-03 15:00:00+01:00,6827946.241036179
2030,sc01,03-31 18:00:00+02:00,79826933.06905633
2030,sc01,05-11 16:00:00+02:00,0.0
2030,sc01,05-18 00:00:00+02:00,10584952.143340314
2030,sc01,06-10 02:00:00+02:00,0.0
2030,sc01,06-17 05:00:00+02:00,5523171.89642809
2030,sc01,06-24 05:00:00+02:00,62381.69153617175
2030,sc01,07-06 10:00:00+02:00,2244888.8900072104
2030,sc01,07-12 20:00:00+02:00,3011692.7170336684
2030,sc01,07-22 05:00:00+02:00,36290222.30939956
2030,sc01,08-02 08:00:00+02:00,9152193.013153113
2030,sc01,08-17 20:00:00+02:00,8496532.199053584
2030,sc01,08-27 15:00:00+02:00,3929764.6731515327
2030,sc01,09-06 09:00:00+02:00,3472075.4395619784
2030,sc01,09-23 03:00:00+02:00,6034707.281835429
2030,sc01,09-27 07:00:00+02:00,15413420.276803108
2030,sc01,09-27 14:00:00+02:00,27332835.09250128
2030,sc01,11-16 20:00:00+01:00,32510019.222123735
2030,sc01,12-10 18:00:00+01:00,26685720.272763245
