Period,Scenario,LoadLevel,mEUR
2030,sc01,01-16 12:00:00+01:00,399319.54048639286
2030,sc01,01-18 07:00:00+01:00,38843.210384575235
2030,sc01,01-18 17:00:00+01:00,771016.7263414402
2030,sc01,01-30 22:00:00+01:00,333976.1534513529
2030,sc01,02-08 22:00:00+01:00,45688.00913691577
2030,sc01,03-06 04:00:00+01:00,156168.66717991733
2030,sc01,03-07 23:00:00+01:00,199839.08444295215
2030,sc01,03-21 14:00:00+01:00,93952.06418522506
2030,sc01,04-09 16:00:00+02:00,393840.0303097618
2030,sc01,05-12 08:00:00+02:00,4108.8551122858935
2030,sc01,05-24 19:00:00+02:00,890234.9944569487
2030,sc01,06-07 14:00:00+02:00,23842.65713618032
2030,sc01,06-11 02:00:00+02:00,93122.75786893317
2030,sc01,06-17 10:00:00+02:00,28969.23757515435
2030,sc01,06-19 08:00:00+02:00,4340388.399594716
2030,sc01,06-29 12:00:00+02:00,86082.48882722716
2030,sc01,07-01 10:00:00+02:00,109726.91667135533
2030,sc01,07-25 01:00:00+02:00,72203.46024716669
2030,sc01,08-03 13:00:00+02:00,273.9499846844082
2030,sc01,08-10 03:00:00+02:00,78597.35221814693
2030,sc01,08-11 17:00:00+02:00,127885.83529483761
2030,sc01,08-27 06:00:00+02:00,2328994.711179645
2030,sc01,09-19 17:00:00+02:00,1559317.5517054622
2030,sc01,09-27 16:00:00+02:00,707114.2003597078
2030,sc01,10-01 06:00:00+02:00,1898883.328362996
2030,sc01,10-11 22:00:00+02:00,144917.42789169785
2030,sc01,10-12 17:00:00+02:00,221916.43153342424
2030,sc01,11-21 07:00:00+01:00,24993.087845156362
2030,sc01,11-25 11:00:00+01:00,1045630.0368487454
2030,sc01,11-27 19:00:00+01:00,132633.55934750498
2030,sc01,12-01 09:00:00+01:00,3102996.3353815153
