Period,Scenario,LoadLevel,mEUR
2030,sc01,01-18 17:00:00+01:00,751812.4397302903
2030,sc01,01-22 07:00:00+01:00,101561.01083333213
2030,sc01,01-26 01:00:00+01:00,69406.95388004414
2030,sc01,01-29 09:00:00+01:00,1151.5961806258738
2030,sc01,01-30 14:00:00+01:00,527506.7416512922
2030,sc01,02-15 16:00:00+01:00,592264.8398228717
2030,sc01,02-26 22:00:00+01:00,35371.80380462655
2030,sc01,03-05 18:00:00+01:00,13943186.805606283
2030,sc01,03-06 04:00:00+01:00,124771.75427281574
2030,sc01,04-01 06:00:00+02:00,3265801.6342805903
2030,sc01,04-08 15:00:00+02:00,673049.8838694124
2030,sc01,04-18 22:00:00+02:00,123153.22563639983
2030,sc01,05-26 19:00:00+02:00,2475002.5656444873
2030,sc01,06-13 12:00:00+02:00,27856.792104566535
2030,sc01,06-14 11:00:00+02:00,6749.552061320248
2030,sc01,06-16 12:00:00+02:00,103518.44667221884
2030,sc01,06-30 03:00:00+02:00,18689.784319763974
2030,sc01,07-01 10:00:00+02:00,95181.87704190807
2030,sc01,07-02 11:00:00+02:00,93545.63862716753
2030,sc01,07-15 21:00:00+02:00,112462.02007061132
2030,sc01,08-03 13:00:00+02:00,193.39193372061683
2030,sc01,08-25 03:00:00+02:00,18012.937696112655
2030,sc01,08-26 03:00:00+02:00,117744.34220386289
2030,sc01,08-27 01:00:00+02:00,74621.35058194895
2030,sc01,08-28 16:00:00+02:00,3618718.3690215047
2030,sc01,09-07 20:00:00+02:00,197983.94295126855
2030,sc01,11-10 22:00:00+01:00,132487.94949004645
2030,sc01,11-15 03:00:00+01:00,113459.45435644446
2030,sc01,11-21 07:00:00+01:00,27690.815329540055
2030,sc01,11-25 11:00:00+01:00,1400695.3401714324
2030,sc01,11-30 20:00:00+01:00,66104.54019884953
