Period,Scenario,LoadLevel,mEUR
2030,sc01,01-20 21:00:00+01:00,856834.0583109026
2030,sc01,02-07 01:00:00+01:00,5074121.684490134
2030,sc01,02-16 18:00:00+01:00,6864.173982553249
2030,sc01,02-21 14:00:00+01:00,5095106.686125593
2030,sc01,02-25 06:00:00+01:00,344782.896883887
2030,sc01,02-27 20:00:00+01:00,4519.572098981104
2030,sc01,02-27 22:00:00+01:00,4141007.9545366354
2030,sc01,03-09 23:00:00+01:00,11043247.69741987
2030,sc01,03-15 11:00:00+01:00,0.0
2030,sc01,03-17 00:00:00+01:00,7665926.632495802
2030,sc01,03-21 17:00:00+01:00,332849.9696604746
2030,sc01,03-22 05:00:00+01:00,328301.4804148631
2030,sc01,03-30 07:00:00+01:00,0.0
2030,sc01,04-16 13:00:00+02:00,0.0
2030,sc01,04-22 06:00:00+02:00,2410508.5255775526
2030,sc01,05-01 17:00:00+02:00,747449.2443829216
2030,sc01,05-04 00:00:00+02:00,363985.8131112827
2030,sc01,05-13 02:00:00+02:00,0.0
2030,sc01,06-01 20:00:00+02:00,1302050.6787617828
2030,sc01,06-03 21:00:00+02:00,5435655.81929051
2030,sc01,06-04 19:00:00+02:00,642941.3707404912
2030,sc01,06-16 10:00:00+02:00,2325410.9635476405
2030,sc01,06-20 13:00:00+02:00,114592.72603656565
2030,sc01,06-22 00:00:00+02:00,0.0
2030,sc01,06-25 02:00:00+02:00,0.0
2030,sc01,06-28 21:00:00+02:00,137247.96474055288
2030,sc01,07-07 04:00:00+02:00,1453155.5097040066
2030,sc01,07-09 16:00:00+02:00,48627.27935100581
2030,sc01,07-21 17:00:00+02:00,47922.931526901135
2030,sc01,07-30 20:00:00+02:00,1066138.507936433
2030,sc01,08-11 21:00:00+02:00,5915155.715245197
2030,sc01,08-12 22:00:00+02:00,1093124.2032866925
2030,sc01,08-14 08:00:00+02:00,0.0
2030,sc01,08-14 19:00:00+02:00,192476.1615957209
2030,sc01,08-28 09:00:00+02:00,133002.5939944594
2030,sc01,09-01 10:00:00+02:00,11927313.933097266
2030,sc01,09-14 16:00:00+02:00,60724.02437822318
2030,sc01,10-08 19:00:00+02:00,1108373.5757524476
2030,sc01,10-14 18:00:00+02:00,591385.6296081227
2030,sc01,10-23 19:00:00+02:00,10134704.917840179
2030,sc01,10-29 15:00:00+01:00,18355060.6583045
2030,sc01,10-31 02:00:00+01:00,3028043.2221562336
2030,sc01,10-31 13:00:00+01:00,3305101.877071718
2030,sc01,11-09 00:00:00+01:00,1086174.510217756
2030,sc01,11-16 17:00:00+01:00,743543.4498729332
2030,sc01,11-16 21:00:00+01:00,4582747.643327968
2030,sc01,11-28 20:00:00+01:00,98315.79813885744
2030,sc01,12-11 01:00:00+01:00,19171729.22350139
2030,sc01,12-17 22:00:00+01:00,156829.6908230559
2030,sc01,12-24 20:00:00+01:00,17235859.063011814
2030,sc01,12-29 07:00:00+01:00,53847.97442161009
