Period,Scenario,LoadLevel,mEUR
2030,sc01,01-10 08:00:00+01:00,32702.767917328834
2030,sc01,01-10 09:00:00+01:00,45.29053886838776
2030,sc01,01-15 09:00:00+01:00,227767.8697435182
2030,sc01,01-15 19:00:00+01:00,62.90449137915935
2030,sc01,01-18 18:00:00+01:00,399.8884913397952
2030,sc01,01-21 21:00:00+01:00,236.08025049590077
2030,sc01,01-23 13:00:00+01:00,8266.484430730292
2030,sc01,01-29 10:00:00+01:00,36.859779217844604
2030,sc01,01-29 11:00:00+01:00,26.759001112046903
2030,sc01,01-29 12:00:00+01:00,88.13484581805412
2030,sc01,01-30 08:00:00+01:00,27945.301542312074
2030,sc01,02-01 07:00:00+01:00,96057.70009802388
2030,sc01,02-04 19:00:00+01:00,1911.8347088053786
2030,sc01,02-08 19:00:00+01:00,79.81015239741093
2030,sc01,02-12 17:00:00+01:00,566644.6518049582
2030,sc01,02-25 13:00:00+01:00,47.71158969113999
2030,sc01,03-28 18:00:00+01:00,2496038.7530572577
2030,sc01,04-02 07:00:00+02:00,161614.18257006997
2030,sc01,04-18 20:00:00+02:00,18700268.537799887
2030,sc01,06-07 09:00:00+02:00,23596684.374214232
2030,sc01,07-01 11:00:00+02:00,27.340922731016793
2030,sc01,07-05 08:00:00+02:00,252767.64992181255
2030,sc01,07-10 15:00:00+02:00,17.466041534260004
2030,sc01,08-07 07:00:00+02:00,2651986.636682021
2030,sc01,08-19 12:00:00+02:00,3.4861710419975567
2030,sc01,10-06 06:00:00+02:00,28768628.861070827
2030,sc01,11-06 16:00:00+01:00,2645357.7367696846
2030,sc01,11-19 17:00:00+01:00,36.39620245608805
2030,sc01,11-21 13:00:00+01:00,93619.93487422573
2030,sc01,11-22 12:00:00+01:00,269159.5967658096
