Period,Scenario,LoadLevel,mEUR
2030,sc01,03-08 00:00:00+01:00,12657573.335012326
2030,sc01,03-26 06:00:00+01:00,83860796.55253069
2030,sc01,04-05 16:00:00+02:00,0.0
2030,sc01,06-22 10:00:00+02:00,0.0
2030,sc01,07-06 02:00:00+02:00,0.0
2030,sc01,07-24 14:00:00+02:00,18410226.584000017
2030,sc01,07-30 18:00:00+02:00,14668446.007380133
2030,sc01,08-02 20:00:00+02:00,1219627417.6542714
2030,sc01,08-06 16:00:00+02:00,55046988.97641392
2030,sc01,08-24 04:00:00+02:00,0.0
