Period,Scenario,LoadLevel,mEUR
2030,sc01,01-08 08:00:00+01:00,17548.768636276367
2030,sc01,01-09 16:00:00+01:00,278.622199823897
2030,sc01,01-10 19:00:00+01:00,2604.304149521359
2030,sc01,01-11 09:00:00+01:00,1259.5009864258573
2030,sc01,01-11 18:00:00+01:00,1989.9532369419153
2030,sc01,01-21 19:00:00+01:00,340.4390150218989
2030,sc01,01-22 15:00:00+01:00,653.7487190816302
2030,sc01,01-22 18:00:00+01:00,97.7826995685574
2030,sc01,01-22 19:00:00+01:00,27.003511854229973
2030,sc01,01-23 07:00:00+01:00,12692.700682544262
2030,sc01,01-23 09:00:00+01:00,319.21386220442696
2030,sc01,01-23 18:00:00+01:00,1020.2542237320333
2030,sc01,01-23 20:00:00+01:00,23.097613129031945
2030,sc01,01-24 08:00:00+01:00,19653.309890935434
2030,sc01,01-25 19:00:00+01:00,10551.806713115104
2030,sc01,01-28 20:00:00+01:00,13907.993298439993
2030,sc01,01-29 08:00:00+01:00,37989.9349147269
2030,sc01,01-31 09:00:00+01:00,278.62762721760424
2030,sc01,02-12 18:00:00+01:00,14345.99180388817
2030,sc01,02-20 00:00:00+01:00,587286.1246153862
2030,sc01,02-22 11:00:00+01:00,29766106.612209827
2030,sc01,04-07 18:00:00+02:00,16402919.892594727
2030,sc01,05-31 09:00:00+02:00,2039003.1982697172
2030,sc01,07-09 22:00:00+02:00,377030.7169101407
2030,sc01,08-22 14:00:00+02:00,2376686.7306269454
2030,sc01,08-29 02:00:00+02:00,309797.718539693
2030,sc01,11-09 10:00:00+01:00,10780295.12517387
2030,sc01,11-28 21:00:00+01:00,2329429.7522029593
2030,sc01,12-06 17:00:00+01:00,1503.1631658908962
2030,sc01,12-10 18:00:00+01:00,4345.524210318786
