Period,Scenario,LoadLevel,Unit,tCO2
2030,sc01,02-16 10:00:00+01:00,CCGT_1,0.0
2030,sc01,02-16 10:00:00+01:00,CCGT_3,0.0
2030,sc01,02-16 10:00:00+01:00,CCGT_2,21.792592784465327
2030,sc01,02-22 21:00:00+01:00,CCGT_1,0.0
2030,sc01,02-22 21:00:00+01:00,CCGT_3,0.0
2030,sc01,02-22 21:00:00+01:00,CCGT_2,16.874337171627566
2030,sc01,03-09 06:00:00+01:00,CCGT_1,0.0
2030,sc01,03-09 06:00:00+01:00,CCGT_3,0.0
2030,sc01,03-09 06:00:00+01:00,CCGT_2,25.077845038449695
2030,sc01,03-28 22:00:00+01:00,CCGT_1,0.0
2030,sc01,03-28 22:00:00+01:00,CCGT_3,0.0
2030,sc01,03-28 22:00:00+01:00,CCGT_2,19.51935785079678
2030,sc01,05-20 16:00:00+02:00,CCGT_1,0.0
2030,sc01,05-20 16:00:00+02:00,CCGT_3,0.0
2030,sc01,05-20 16:00:00+02:00,CCGT_2,23.662089578399048
2030,sc01,06-10 02:00:00+02:00,CCGT_1,0.0
2030,sc01,06-10 02:00:00+02:00,CCGT_3,0.0
2030,sc01,06-10 02:00:00+02:00,CCGT_2,26.472639969913367
2030,sc01,08-15 11:00:00+02:00,CCGT_1,0.0
2030,sc01,08-15 11:00:00+02:00,CCGT_3,0.0
2030,sc01,08-15 11:00:00+02:00,CCGT_2,32.59754548263111
2030,sc01,09-05 16:00:00+02:00,CCGT_1,0.0
2030,sc01,09-05 16:00:00+02:00,CCGT_3,0.0
2030,sc01,09-05 16:00:00+02:00,CCGT_2,35.2529732133568
2030,sc01,09-18 21:00:00+02:00,CCGT_1,0.0
2030,sc01,09-18 21:00:00+02:00,CCGT_3,0.0
2030,sc01,09-18 21:00:00+02:00,CCGT_2,30.666457726303644
2030,sc01,10-23 03:00:00+02:00,CCGT_1,0.0
2030,sc01,10-23 03:00:00+02:00,CCGT_3,0.0
2030,sc01,10-23 03:00:00+02:00,CCGT_2,21.99253219129462
2030,sc01,10-31 01:00:00+01:00,CCGT_1,0.0
2030,sc01,10-31 01:00:00+01:00,CCGT_3,0.0
2030,sc01,10-31 01:00:00+01:00,CCGT_2,15.913605380630761
