Period,Scenario,LoadLevel,MEUR
2030,sc01,02-28 08:00:00+01:00,2.779793695800854
2030,sc01,03-15 09:00:00+01:00,3.1031894645466527
2030,sc01,03-24 17:00:00+01:00,3.9939709298162187
2030,sc01,04-05 02:00:00+02:00,3.356106265528971
2030,sc01,04-15 19:00:00+02:00,6.690632307850809
2030,sc01,06-06 15:00:00+02:00,10.60069063754009
2030,sc01,07-05 06:00:00+02:00,7.28225301427798
2030,sc01,09-28 20:00:00+02:00,9.388754317616918
2030,sc01,10-10 11:00:00+02:00,8.29970124489105
2030,sc01,10-23 02:00:00+02:00,6.18654166489552
2030,sc01,10-31 02:00:00+01:00,2.9978478920246756
