Period,Scenario,LoadLevel,Unit,tCO2
2030,sc01,03-14 08:00:00+01:00,CCGT_2,21.83992534135743
2030,sc01,03-14 08:00:00+01:00,CCGT_1,0.0
2030,sc01,03-14 08:00:00+01:00,WindFarm_1,0.0
2030,sc01,03-14 08:00:00+01:00,SolarPV_1,0.0
2030,sc01,03-14 08:00:00+01:00,CCGT_3,0.0
2030,sc01,04-01 21:00:00+02:00,CCGT_2,17.838408900428096
2030,sc01,04-01 21:00:00+02:00,CCGT_1,0.0
2030,sc01,04-01 21:00:00+02:00,WindFarm_1,0.0
2030,sc01,04-01 21:00:00+02:00,SolarPV_1,0.0
2030,sc01,04-01 21:00:00+02:00,CCGT_3,0.0
2030,sc01,04-29 20:00:00+02:00,CCGT_2,29.73957229012171
2030,sc01,04-29 20:00:00+02:00,CCGT_1,0.0
2030,sc01,04-29 20:00:00+02:00,WindFarm_1,0.0
2030,sc01,04-29 20:00:00+02:00,SolarPV_1,0.0
2030,sc01,04-29 20:00:00+02:00,CCGT_3,0.0
2030,sc01,05-17 16:00:00+02:00,CCGT_2,24.162305513010136
2030,sc01,05-17 16:00:00+02:00,CCGT_1,0.0
2030,sc01,05-17 16:00:00+02:00,WindFarm_1,0.0
2030,sc01,05-17 16:00:00+02:00,SolarPV_1,0.0
2030,sc01,05-17 16:00:00+02:00,CCGT_3,0.0
2030,sc01,07-08 03:00:00+02:00,CCGT_2,25.186000022292827
2030,sc01,07-08 03:00:00+02:00,CCGT_1,0.0
2030,sc01,07-08 03:00:00+02:00,WindFarm_1,0.0
2030,sc01,07-08 03:00:00+02:00,SolarPV_1,0.0
2030,sc01,07-08 03:00:00+02:00,CCGT_3,0.0
2030,sc01,07-21 21:00:00+02:00,CCGT_2,35.48300300141242
2030,sc01,07-21 21:00:00+02:00,CCGT_1,0.0
2030,sc01,07-21 21:00:00+02:00,WindFarm_1,0.0
2030,sc01,07-21 21:00:00+02:00,SolarPV_1,0.0
2030,sc01,07-21 21:00:00+02:00,CCGT_3,2.7675736550115047
2030,sc01,08-13 18:00:00+02:00,CCGT_2,29.171359321911535
2030,sc01,08-13 18:00:00+02:00,CCGT_1,0.0
2030,sc01,08-13 18:00:00+02:00,WindFarm_1,0.0
2030,sc01,08-13 18:00:00+02:00,SolarPV_1,0.0
2030,sc01,08-13 18:00:00+02:00,CCGT_3,0.0
2030,sc01,08-31 13:00:00+02:00,CCGT_2,36.74436568068232
2030,sc01,08-31 13:00:00+02:00,CCGT_1,0.0
2030,sc01,08-31 13:00:00+02:00,WindFarm_1,0.0
2030,sc01,08-31 13:00:00+02:00,SolarPV_1,0.0
2030,sc01,08-31 13:00:00+02:00,CCGT_3,0.0
2030,sc01,10-11 01:00:00+02:00,CCGT_2,22.476705074629674
2030,sc01,10-11 01:00:00+02:00,CCGT_1,0.0
2030,sc01,10-11 01:00:00+02:00,WindFarm_1,0.0
2030,sc01,10-11 01:00:00+02:00,SolarPV_1,0.0
2030,sc01,10-11 01:00:00+02:00,CCGT_3,0.0
2030,sc01,11-23 01:00:00+01:00,CCGT_2,18.255111846841505
2030,sc01,11-23 01:00:00+01:00,CCGT_1,0.0
2030,sc01,11-23 01:00:00+01:00,WindFarm_1,0.0
2030,sc01,11-23 01:00:00+01:00,SolarPV_1,0.0
2030,sc01,11-23 01:00:00+01:00,CCGT_3,0.0
