Period,Scenario,LoadLevel,MEUR
2030,sc01,02-17 07:00:00+01:00,3.0841427255833755
2030,sc01,03-28 18:00:00+01:00,4.549810397902473
2030,sc01,04-14 18:00:00+02:00,11.129941008685872
2030,sc01,04-16 09:00:00+02:00,4.167732297784287
2030,sc01,04-23 10:00:00+02:00,0.8043827882645559
2030,sc01,06-06 14:00:00+02:00,0.17485944446461213
2030,sc01,06-15 05:00:00+02:00,12.3654710963
2030,sc01,07-10 20:00:00+02:00,21.09431541082459
2030,sc01,09-14 10:00:00+02:00,4.271900606764524
2030,sc01,10-20 23:00:00+02:00,11.610375319949526
2030,sc01,11-17 16:00:00+01:00,3.963711606330402
