Period,Scenario,LoadLevel,mEUR
2030,sc01,02-20 23:00:00+01:00,351430.81366552814
2030,sc01,02-24 05:00:00+01:00,180862.96924170599
2030,sc01,03-10 14:00:00+01:00,715878.9638905361
2030,sc01,03-24 04:00:00+01:00,1469221.5875556325
2030,sc01,05-03 23:00:00+02:00,208535.4122656626
2030,sc01,05-06 21:00:00+02:00,232740.17641837144
2030,sc01,06-02 16:00:00+02:00,300550.5313395262
2030,sc01,06-03 18:00:00+02:00,288200.8301696706
2030,sc01,06-04 07:00:00+02:00,252546.67013526263
2030,sc01,06-10 03:00:00+02:00,5166.829615152988
2030,sc01,06-15 18:00:00+02:00,263227.18108594907
2030,sc01,06-16 00:00:00+02:00,3922.8310988092308
2030,sc01,06-16 01:00:00+02:00,14518.97970984914
2030,sc01,06-26 00:00:00+02:00,110.1149522006368
2030,sc01,06-26 02:00:00+02:00,582.8665432309726
2030,sc01,06-28 03:00:00+02:00,658.6266532021307
2030,sc01,06-28 04:00:00+02:00,814.1572731325643
2030,sc01,06-28 19:00:00+02:00,2782812.5664462503
2030,sc01,06-29 03:00:00+02:00,651.4170887298171
2030,sc01,06-29 04:00:00+02:00,880.7564220695664
2030,sc01,07-01 03:00:00+02:00,1584.8204683373986
2030,sc01,07-05 02:00:00+02:00,2681.504593125256
2030,sc01,07-06 02:00:00+02:00,8586.494159383901
2030,sc01,07-11 16:00:00+02:00,6089500.596204249
2030,sc01,07-18 23:00:00+02:00,23892.616533866934
2030,sc01,07-19 15:00:00+02:00,5073693.749425718
2030,sc01,07-26 05:00:00+02:00,5155.545601119655
2030,sc01,07-29 02:00:00+02:00,242115.13727812513
2030,sc01,08-05 00:00:00+02:00,180026.3416241338
2030,sc01,08-08 04:00:00+02:00,209734.2082566391
2030,sc01,08-09 01:00:00+02:00,28076.88203728932
2030,sc01,08-09 03:00:00+02:00,23925.26747431207
2030,sc01,08-30 21:00:00+02:00,1076417.528400308
2030,sc01,09-02 03:00:00+02:00,1703390.2899345725
2030,sc01,09-16 02:00:00+02:00,521939.1397290491
2030,sc01,10-17 10:00:00+02:00,37365.62798408787
2030,sc01,10-21 04:00:00+02:00,154880.3223010862
2030,sc01,11-04 15:00:00+01:00,7762934.741128159
2030,sc01,11-07 04:00:00+01:00,562602.0737204795
2030,sc01,11-21 18:00:00+01:00,330865.4488994737
