Period,Scenario,LoadLevel,mEUR
2030,sc01,02-06 10:00:00+01:00,208742.26748649834
2030,sc01,02-20 07:00:00+01:00,2250749.168483729
2030,sc01,03-13 07:00:00+01:00,22.240553621101586
2030,sc01,04-02 09:00:00+02:00,2105742.8720140127
2030,sc01,05-08 17:00:00+02:00,597531.1353394686
2030,sc01,07-03 05:00:00+02:00,298388.4149014206
2030,sc01,07-05 00:00:00+02:00,23106269.545550857
2030,sc01,07-06 05:00:00+02:00,1814819.0482684532
2030,sc01,10-14 07:00:00+02:00,9.22053902359982
2030,sc01,12-19 15:00:00+01:00,32.65451803869298
