Period,Scenario,LoadLevel,mEUR
2030,sc01,02-06 10:00:00+01:00,208742.26404525765
2030,sc01,02-20 07:00:00+01:00,2250746.8618819597
2030,sc01,03-13 07:00:00+01:00,22.24051635769982
2030,sc01,04-02 09:00:00+02:00,2105742.8465096047
2030,sc01,05-08 17:00:00+02:00,597531.1289633655
2030,sc01,07-03 05:00:00+02:00,298388.40124501905
2030,sc01,07-05 00:00:00+02:00,23106269.545550857
2030,sc01,07-06 05:00:00+02:00,1814819.0482684553
2030,sc01,10-14 07:00:00+02:00,9.220501760198067
2030,sc01,12-19 15:00:00+01:00,32.65451763211918
