Period,Scenario,LoadLevel,mEUR
2030,sc01,02-06 10:00:00+01:00,208742.2674864985
2030,sc01,02-20 07:00:00+01:00,2250749.1684837304
2030,sc01,03-13 07:00:00+01:00,22.24055362110163
2030,sc01,04-02 09:00:00+02:00,2105742.8720140234
2030,sc01,05-08 17:00:00+02:00,597531.1353394708
2030,sc01,07-03 05:00:00+02:00,298388.4149014199
2030,sc01,07-05 00:00:00+02:00,23106269.545550853
2030,sc01,07-06 05:00:00+02:00,1814819.0482684614
2030,sc01,10-14 07:00:00+02:00,9.220539023599798
2030,sc01,12-19 15:00:00+01:00,32.65451803869304
