Period,Scenario,LoadLevel,MEUR
2030,sc01,01-30 16:00:00+01:00,1.3860088964934154
2030,sc01,02-20 07:00:00+01:00,3.262874810181293
2030,sc01,03-04 09:00:00+01:00,0.28801307710137924
2030,sc01,03-04 21:00:00+01:00,9.941431752148569
2030,sc01,03-13 05:00:00+01:00,1.5905673200782864
2030,sc01,03-18 14:00:00+01:00,2.0281508935115404
2030,sc01,04-05 20:00:00+02:00,8.427486942664704
2030,sc01,04-14 04:00:00+02:00,6.064678649267421
2030,sc01,04-23 15:00:00+02:00,0.3677035469833466
2030,sc01,04-30 14:00:00+02:00,1.0973199249635501
2030,sc01,06-06 14:00:00+02:00,0.17485944446461216
2030,sc01,07-14 07:00:00+02:00,4.791587612138117
2030,sc01,08-11 10:00:00+02:00,2.5421012709560737
2030,sc01,08-13 21:00:00+02:00,10.417765167208229
2030,sc01,08-15 19:00:00+02:00,9.499237721808434
2030,sc01,09-29 15:00:00+02:00,0.9361614574377582
2030,sc01,10-08 18:00:00+02:00,6.351345815247287
2030,sc01,10-23 01:00:00+02:00,2.842907610212579
2030,sc01,11-07 01:00:00+01:00,0.4901047320424492
2030,sc01,11-13 18:00:00+01:00,2.6504515083166535
2030,sc01,11-26 15:00:00+01:00,0.42219062738714225
