Period,Scenario,LoadLevel,MEUR
2030,sc01,02-04 07:00:00+01:00,3.3733798458719684
2030,sc01,02-18 07:00:00+01:00,9.202133213722513
2030,sc01,02-23 14:00:00+01:00,3.008170179606511
2030,sc01,03-01 17:00:00+01:00,5.398361540999388
2030,sc01,03-05 03:00:00+01:00,3.4079279002742346
2030,sc01,04-09 14:00:00+02:00,0.7289051004378065
2030,sc01,05-09 06:00:00+02:00,1.3366664464426714
2030,sc01,06-04 07:00:00+02:00,1.8954262439304175
2030,sc01,06-13 14:00:00+02:00,0.9368260369171098
2030,sc01,06-17 22:00:00+02:00,10.357404842456255
2030,sc01,07-02 20:00:00+02:00,5.6718276922758
2030,sc01,08-04 14:00:00+02:00,3.106860207692434
2030,sc01,08-18 18:00:00+02:00,3.3617526394600667
2030,sc01,08-29 03:00:00+02:00,7.8156554961176825
2030,sc01,10-19 18:00:00+02:00,7.830825667001685
2030,sc01,10-27 05:00:00+01:00,2.1410687112160582
2030,sc01,10-30 12:00:00+01:00,1.8321101591616125
2030,sc01,11-09 16:00:00+01:00,0.732296680880804
2030,sc01,11-20 14:00:00+01:00,3.0914669295335764
2030,sc01,11-28 08:00:00+01:00,1.762106790443631
