Period,Scenario,LoadLevel,mEUR
2030,sc01,01-24 21:00:00+01:00,10046812.700591553
2030,sc01,02-20 17:00:00+01:00,1978127.1081505634
2030,sc01,05-12 23:00:00+02:00,0.0
2030,sc01,06-03 18:00:00+02:00,93889062.01516558
2030,sc01,06-08 07:00:00+02:00,7354708.452208545
2030,sc01,06-14 21:00:00+02:00,2747112.5228273175
2030,sc01,08-10 18:00:00+02:00,1408959.9659770918
2030,sc01,08-23 07:00:00+02:00,107813873.65484148
2030,sc01,10-11 21:00:00+02:00,7252009.342987507
2030,sc01,10-13 01:00:00+02:00,11200260.201176867
2030,sc01,10-31 12:00:00+01:00,9384831.200869095
