,Model_type,Dor,Relu_out,Batch_size,Lr,Epochs,Np,Min_val,Tr_l,Te_l,V_l,Tr_l_t_mse,Te_l_t_mse,V_l_t_mse,Tr_l_mae,Te_l_mae,V_l_mae,Tr_l_ret,Train_time,Eval_time,alpha,beta,MAE,Test size,Val size
0,"(2, 0)",0,False,64,0.000625,8,0,min_val,4.970616612773746,5.0365238417713325,5.188492344394329,69.490676894751,71.90328716206137,67.30236359229838,4.970616612773746,5.0365238417713325,5.188492344394329,5.18925142288208,28.489202700000078,0.12097679999988031,0.0,1,True,0.3,0.4
1,"(2, 0)",0,False,64,0.000625,8,0,all_epochs,4.970616612773746,5.0365238417713325,5.188492344394329,69.490676894751,71.90328716206137,67.30236359229838,4.970616612773746,5.0365238417713325,5.188492344394329,5.18925142288208,28.489202700000078,0.1403958999999304,0.0,1,True,0.3,0.4
2,"(2, 0)",0,False,64,0.000625,8,0,min_val,33.9677876679429,31.30295176242043,35.91772932146129,33.9677876679429,31.30295176242043,35.91772932146129,3.756242478153338,3.6464602944010296,3.8834463867605615,35.94736099243164,26.9478438000001,0.13674949999995079,0.0,1,False,0.3,0.4
3,"(2, 0)",0,False,64,0.000625,8,0,all_epochs,33.9677876679429,31.30295176242043,35.91772932146129,33.9677876679429,31.30295176242043,35.91772932146129,3.756242478153338,3.6464602944010296,3.8834463867605615,35.94736099243164,26.9478438000001,0.14700300000004063,0.0,1,False,0.3,0.4
4,"(2, 0)",0,False,64,0.000625,8,0,min_val,3.957280165318,3.9134651756199705,4.119791576594561,46.01314152040412,43.89033623032046,44.422821120993916,3.4398696825772923,3.397642246959426,3.6126211932367664,4.1211113929748535,27.437069600000086,0.1362832999998318,0.04,1,True,0.3,0.4
5,"(2, 0)",0,False,64,0.000625,8,0,all_epochs,3.957280165318,3.9134651756199705,4.119791576594561,46.01314152040412,43.89033623032046,44.422821120993916,3.4398696825772923,3.397642246959426,3.6126211932367664,4.1211113929748535,27.437069600000086,0.14372069999990345,0.04,1,True,0.3,0.4
6,"(2, 0)",0,False,64,0.000625,8,0,min_val,50.031073684808746,47.65425533367349,51.50440751020903,35.50099764321323,33.30335730111272,37.5249762381286,4.072598910212416,3.961575420489011,4.228509920465753,51.53327560424805,26.80280709999988,0.1154793000000609,0.04,1,False,0.3,0.4
7,"(2, 0)",0,False,64,0.000625,8,0,all_epochs,50.031073684808746,47.65425533367349,51.50440751020903,35.50099764321323,33.30335730111272,37.5249762381286,4.072598910212416,3.961575420489011,4.228509920465753,51.53327560424805,26.80280709999988,0.10631540000031237,0.04,1,False,0.3,0.4
