Period,Scenario,LoadLevel,mEUR
2030,sc01,02-25 00:00:00+01:00,113467.6788723176
2030,sc01,02-25 01:00:00+01:00,104079.84319567936
2030,sc01,02-25 02:00:00+01:00,97685.96206099442
2030,sc01,02-25 03:00:00+01:00,95665.88612717959
2030,sc01,03-25 23:00:00+01:00,200406.73290393886
2030,sc01,03-26 00:00:00+01:00,176468.02834461114
2030,sc01,03-26 01:00:00+01:00,161563.36879581248
2030,sc01,03-26 02:00:00+01:00,154034.51428708382
2030,sc01,04-14 23:00:00+02:00,198289.47042461936
2030,sc01,04-15 00:00:00+02:00,178734.9005256616
2030,sc01,04-15 01:00:00+02:00,165890.90608947855
2030,sc01,04-15 02:00:00+02:00,159717.02139147947
2030,sc01,05-01 17:00:00+02:00,260031.15842912236
2030,sc01,05-01 18:00:00+02:00,25494.428695421873
2030,sc01,05-01 19:00:00+02:00,65384.50364700772
2030,sc01,05-01 20:00:00+02:00,92809.47432937707
2030,sc01,05-04 01:00:00+02:00,162974.5685085607
2030,sc01,05-04 02:00:00+02:00,153353.53367015094
2030,sc01,05-04 03:00:00+02:00,149967.68660960213
2030,sc01,05-04 04:00:00+02:00,147711.19158836914
2030,sc01,06-09 06:00:00+02:00,153088.05398481092
2030,sc01,06-09 07:00:00+02:00,155375.26383628402
2030,sc01,06-09 08:00:00+02:00,158572.67587687552
2030,sc01,06-09 09:00:00+02:00,171158.32809770165
2030,sc01,06-22 18:00:00+02:00,201918.8594239289
2030,sc01,06-22 19:00:00+02:00,266598.85316093225
2030,sc01,06-22 20:00:00+02:00,326026.16758214874
2030,sc01,06-22 21:00:00+02:00,215458.39864268978
2030,sc01,09-22 00:00:00+02:00,138868.53588632026
2030,sc01,09-22 01:00:00+02:00,125766.46570513208
2030,sc01,09-22 02:00:00+02:00,118731.71599075485
2030,sc01,09-22 03:00:00+02:00,117211.15484706558
2030,sc01,10-09 21:00:00+02:00,268716.25601012097
2030,sc01,10-09 22:00:00+02:00,234899.3660121096
2030,sc01,10-09 23:00:00+02:00,205256.5555618383
2030,sc01,10-10 00:00:00+02:00,182525.85588084068
2030,sc01,11-07 09:00:00+01:00,1352123.1264962435
2030,sc01,11-07 10:00:00+01:00,2282131.015782109
2030,sc01,11-07 11:00:00+01:00,2012932.5053558196
2030,sc01,11-07 15:00:00+01:00,1791624.3031539884
2030,sc01,12-11 11:00:00+01:00,1008273.9772283453
2030,sc01,12-11 12:00:00+01:00,928329.6568336127
2030,sc01,12-11 13:00:00+01:00,909376.5057839388
2030,sc01,12-11 14:00:00+01:00,1009312.0488632417
2030,sc01,12-12 19:00:00+01:00,85722.04528694772
2030,sc01,12-12 20:00:00+01:00,55944.01355523914
2030,sc01,12-12 21:00:00+01:00,9902.521556941307
2030,sc01,12-12 22:00:00+01:00,336685.7943323732
