Period,Scenario,LoadLevel,mEUR
2030,sc01,06-25 14:00:00+02:00,3074500.136003187
2030,sc01,06-25 15:00:00+02:00,3852816.6936407434
2030,sc01,06-25 16:00:00+02:00,2008376.5302445302
2030,sc01,06-25 17:00:00+02:00,3725570.315636946
2030,sc01,07-04 07:00:00+02:00,2936940.5702655036
2030,sc01,07-04 08:00:00+02:00,593775.0596123798
2030,sc01,07-04 09:00:00+02:00,2455395.3623845074
2030,sc01,07-04 10:00:00+02:00,2435034.7581663695
