Period,Scenario,LoadLevel,Unit,tCO2
2030,sc01,02-11 02:00:00+01:00,CCGT_1,0.0
2030,sc01,02-11 02:00:00+01:00,CCGT_3,0.0
2030,sc01,02-11 02:00:00+01:00,CCGT_2,22.539530839377097
2030,sc01,05-01 04:00:00+02:00,CCGT_1,0.0
2030,sc01,05-01 04:00:00+02:00,CCGT_3,0.0
2030,sc01,05-01 04:00:00+02:00,CCGT_2,16.18941480438054
2030,sc01,07-16 06:00:00+02:00,CCGT_1,0.0
2030,sc01,07-16 06:00:00+02:00,CCGT_3,0.0
2030,sc01,07-16 06:00:00+02:00,CCGT_2,32.681875646327455
2030,sc01,07-24 10:00:00+02:00,CCGT_1,0.0
2030,sc01,07-24 10:00:00+02:00,CCGT_3,0.0
2030,sc01,07-24 10:00:00+02:00,CCGT_2,33.89643393906972
2030,sc01,07-26 22:00:00+02:00,CCGT_1,0.0
2030,sc01,07-26 22:00:00+02:00,CCGT_3,2.4447719341489873
2030,sc01,07-26 22:00:00+02:00,CCGT_2,34.90902151159159
2030,sc01,07-31 05:00:00+02:00,CCGT_1,0.0
2030,sc01,07-31 05:00:00+02:00,CCGT_3,0.0
2030,sc01,07-31 05:00:00+02:00,CCGT_2,27.86376222580473
2030,sc01,08-05 08:00:00+02:00,CCGT_1,0.0
2030,sc01,08-05 08:00:00+02:00,CCGT_3,0.0
2030,sc01,08-05 08:00:00+02:00,CCGT_2,30.555537866981428
2030,sc01,08-06 06:00:00+02:00,CCGT_1,0.0
2030,sc01,08-06 06:00:00+02:00,CCGT_3,0.0
2030,sc01,08-06 06:00:00+02:00,CCGT_2,32.31917241525337
2030,sc01,08-09 10:00:00+02:00,CCGT_1,0.0
2030,sc01,08-09 10:00:00+02:00,CCGT_3,0.0
2030,sc01,08-09 10:00:00+02:00,CCGT_2,27.60293932470301
2030,sc01,08-19 10:00:00+02:00,CCGT_1,0.0
2030,sc01,08-19 10:00:00+02:00,CCGT_3,0.0
2030,sc01,08-19 10:00:00+02:00,CCGT_2,30.04271059300741
2030,sc01,11-08 19:00:00+01:00,CCGT_1,0.0
2030,sc01,11-08 19:00:00+01:00,CCGT_3,0.0
2030,sc01,11-08 19:00:00+01:00,CCGT_2,26.87307115753759
