Period,Scenario,LoadLevel,Unit,tCO2
2030,sc01,02-10 20:00:00+01:00,CCGT_3,0.0
2030,sc01,02-10 20:00:00+01:00,CCGT_2,30.937973204003754
2030,sc01,02-10 20:00:00+01:00,CCGT_1,0.0
2030,sc01,05-01 15:00:00+02:00,CCGT_3,0.0
2030,sc01,05-01 15:00:00+02:00,CCGT_2,14.777545505883408
2030,sc01,05-01 15:00:00+02:00,CCGT_1,0.0
2030,sc01,07-15 05:00:00+02:00,CCGT_3,0.0
2030,sc01,07-15 05:00:00+02:00,CCGT_2,28.82053979822633
2030,sc01,07-15 05:00:00+02:00,CCGT_1,0.0
2030,sc01,07-27 07:00:00+02:00,CCGT_3,0.0
2030,sc01,07-27 07:00:00+02:00,CCGT_2,33.97004780706751
2030,sc01,07-27 07:00:00+02:00,CCGT_1,0.0
2030,sc01,08-03 06:00:00+02:00,CCGT_3,0.0
2030,sc01,08-03 06:00:00+02:00,CCGT_2,28.25726461612618
2030,sc01,08-03 06:00:00+02:00,CCGT_1,0.0
2030,sc01,08-03 16:00:00+02:00,CCGT_3,0.0
2030,sc01,08-03 16:00:00+02:00,CCGT_2,28.947344339248144
2030,sc01,08-03 16:00:00+02:00,CCGT_1,0.0
2030,sc01,08-05 19:00:00+02:00,CCGT_3,2.583749760621641
2030,sc01,08-05 19:00:00+02:00,CCGT_2,35.26715901074423
2030,sc01,08-05 19:00:00+02:00,CCGT_1,0.0
2030,sc01,08-05 23:00:00+02:00,CCGT_3,0.0
2030,sc01,08-05 23:00:00+02:00,CCGT_2,31.91367381590146
2030,sc01,08-05 23:00:00+02:00,CCGT_1,0.0
2030,sc01,08-19 13:00:00+02:00,CCGT_3,0.0
2030,sc01,08-19 13:00:00+02:00,CCGT_2,32.02940205313284
2030,sc01,08-19 13:00:00+02:00,CCGT_1,0.0
2030,sc01,11-09 22:00:00+01:00,CCGT_3,0.0
2030,sc01,11-09 22:00:00+01:00,CCGT_2,27.184513762130123
2030,sc01,11-09 22:00:00+01:00,CCGT_1,0.0
