Period,Scenario,LoadLevel,MEUR
2030,sc01,01-15 01:00:00+01:00,0.16437494640837072
2030,sc01,01-17 20:00:00+01:00,1.1956579293864302
2030,sc01,01-21 15:00:00+01:00,3.4745071432299484
2030,sc01,01-30 06:00:00+01:00,0.369485408034217
2030,sc01,02-02 11:00:00+01:00,8.923751075106676
2030,sc01,02-07 04:00:00+01:00,0.17685260572800726
2030,sc01,03-05 23:00:00+01:00,0.20216675670496392
2030,sc01,03-25 17:00:00+01:00,1.676732734571971
2030,sc01,03-29 04:00:00+01:00,0.1506822120572533
2030,sc01,05-04 12:00:00+02:00,0.1621835880247246
2030,sc01,05-06 09:00:00+02:00,0.2838810116712726
2030,sc01,05-10 03:00:00+02:00,0.13491690369590606
2030,sc01,05-12 22:00:00+02:00,0.19100109153824843
2030,sc01,05-13 18:00:00+02:00,2.5500947288688205
2030,sc01,05-14 12:00:00+02:00,0.3478137013331698
2030,sc01,05-14 21:00:00+02:00,0.19553543409305596
2030,sc01,05-24 14:00:00+02:00,0.3028491658779158
2030,sc01,06-10 19:00:00+02:00,1.4590812897699654
2030,sc01,06-15 04:00:00+02:00,0.2745379404717465
2030,sc01,06-19 01:00:00+02:00,0.16025023937135088
2030,sc01,06-29 17:00:00+02:00,0.4062795086453156
2030,sc01,08-06 09:00:00+02:00,0.4189896755747427
2030,sc01,08-27 19:00:00+02:00,5.638249731868739
2030,sc01,09-11 14:00:00+02:00,0.33964275257253634
2030,sc01,09-19 17:00:00+02:00,3.301493962282573
2030,sc01,09-20 01:00:00+02:00,0.14633786245111285
2030,sc01,09-30 19:00:00+02:00,0.14526673887306474
2030,sc01,10-09 06:00:00+02:00,0.2717732611490063
2030,sc01,10-10 01:00:00+02:00,0.19542006785654187
2030,sc01,10-18 21:00:00+02:00,0.2462274362261333
2030,sc01,10-28 09:00:00+01:00,2.9429210774852437
2030,sc01,11-03 11:00:00+01:00,0.5254398782321041
2030,sc01,11-03 17:00:00+01:00,2.5959603832282347
2030,sc01,11-11 09:00:00+01:00,2.6957437377559663
2030,sc01,11-18 23:00:00+01:00,0.17289822230083055
2030,sc01,11-19 16:00:00+01:00,2.458451937361417
2030,sc01,11-20 04:00:00+01:00,0.14549146692731374
2030,sc01,11-22 15:00:00+01:00,7.369225779499967
2030,sc01,11-30 05:00:00+01:00,0.09373247140509175
2030,sc01,12-04 05:00:00+01:00,0.10269845727314365
2030,sc01,12-09 16:00:00+01:00,4.459171839247955
