Period,Scenario,LoadLevel,MEUR
2030,sc01,01-15 00:00:00+01:00,3.8538804817664603
2030,sc01,01-29 09:00:00+01:00,8.073421749215928
2030,sc01,02-08 07:00:00+01:00,12.457131607659278
2030,sc01,02-15 14:00:00+01:00,0.6546356399708909
2030,sc01,02-27 01:00:00+01:00,0.49735084292893017
2030,sc01,02-28 07:00:00+01:00,7.574512272001539
2030,sc01,03-07 14:00:00+01:00,1.773202174885205
2030,sc01,04-18 06:00:00+02:00,3.2384002337814324
2030,sc01,05-02 18:00:00+02:00,0.7629631341801528
2030,sc01,05-08 03:00:00+02:00,0.3969531815384978
2030,sc01,05-09 18:00:00+02:00,1.9516731598706913
2030,sc01,05-12 10:00:00+02:00,0.1788228401279682
2030,sc01,05-14 00:00:00+02:00,0.4686725012589178
2030,sc01,05-14 12:00:00+02:00,0.37339824603147465
2030,sc01,05-25 09:00:00+02:00,0.1725021887759137
2030,sc01,06-03 16:00:00+02:00,0.3958735242660732
2030,sc01,06-10 05:00:00+02:00,0.1144811322179168
2030,sc01,06-11 06:00:00+02:00,4.227624140917798
2030,sc01,06-12 01:00:00+02:00,0.1390569054605975
2030,sc01,06-15 06:00:00+02:00,0.37087409444983027
2030,sc01,06-20 09:00:00+02:00,2.2609356264420386
2030,sc01,06-24 21:00:00+02:00,1.7337715195435852
2030,sc01,06-29 21:00:00+02:00,2.6626072709451356
2030,sc01,07-29 12:00:00+02:00,0.5077478251440282
2030,sc01,09-07 00:00:00+02:00,0.8625304830730922
2030,sc01,09-07 14:00:00+02:00,0.13743368316724994
2030,sc01,09-09 15:00:00+02:00,1.8301268767638674
2030,sc01,09-21 18:00:00+02:00,3.7329173908763775
2030,sc01,09-30 16:00:00+02:00,0.848312221241642
2030,sc01,10-01 12:00:00+02:00,0.1904018737301984
2030,sc01,10-02 09:00:00+02:00,0.6863822591877335
2030,sc01,10-05 00:00:00+02:00,0.2786858547926486
2030,sc01,10-24 21:00:00+02:00,0.4782607168708784
2030,sc01,10-25 23:00:00+02:00,0.22699246305979515
2030,sc01,10-31 16:00:00+01:00,6.086784298261351
2030,sc01,11-06 22:00:00+01:00,3.2879132254984356
2030,sc01,11-16 16:00:00+01:00,3.672625602995028
2030,sc01,11-30 05:00:00+01:00,0.1293665943694416
2030,sc01,12-07 09:00:00+01:00,3.475649785015766
2030,sc01,12-09 16:00:00+01:00,5.492579953986321
2030,sc01,12-14 08:00:00+01:00,1.01456222831537
