Period,Scenario,LoadLevel,MEUR
2030,sc01,01-15 00:00:00+01:00,3.853880481766476
2030,sc01,01-29 09:00:00+01:00,8.073421749215877
2030,sc01,02-08 07:00:00+01:00,12.457131607659417
2030,sc01,02-15 14:00:00+01:00,0.6546356399708846
2030,sc01,02-27 01:00:00+01:00,0.49735084292891973
2030,sc01,02-28 07:00:00+01:00,7.574512272001501
2030,sc01,03-07 14:00:00+01:00,1.7732021748852385
2030,sc01,04-18 06:00:00+02:00,3.238400233781441
2030,sc01,05-02 18:00:00+02:00,0.7629631341801439
2030,sc01,05-08 03:00:00+02:00,0.39695318153849574
2030,sc01,05-09 18:00:00+02:00,1.9516731598706334
2030,sc01,05-12 10:00:00+02:00,0.178822840127966
2030,sc01,05-14 00:00:00+02:00,0.46867250125891796
2030,sc01,05-14 12:00:00+02:00,0.37339824603147515
2030,sc01,05-25 09:00:00+02:00,0.17250218877591614
2030,sc01,06-03 16:00:00+02:00,0.395873524266074
2030,sc01,06-10 05:00:00+02:00,0.11448113221791724
2030,sc01,06-11 06:00:00+02:00,4.227624140917815
2030,sc01,06-12 01:00:00+02:00,0.1390569054605989
2030,sc01,06-15 06:00:00+02:00,0.3708740944498281
2030,sc01,06-20 09:00:00+02:00,2.2609356264422504
2030,sc01,06-24 21:00:00+02:00,1.7337715195436572
2030,sc01,06-29 21:00:00+02:00,2.6626072709450823
2030,sc01,07-29 12:00:00+02:00,0.5077478251440309
2030,sc01,09-07 00:00:00+02:00,0.8625304830730135
2030,sc01,09-07 14:00:00+02:00,0.1374336831672499
2030,sc01,09-09 15:00:00+02:00,1.8301268767638406
2030,sc01,09-21 18:00:00+02:00,3.732917390876291
2030,sc01,09-30 16:00:00+02:00,0.8483122212416466
2030,sc01,10-01 12:00:00+02:00,0.1904018737301982
2030,sc01,10-02 09:00:00+02:00,0.6863822591876634
2030,sc01,10-05 00:00:00+02:00,0.2786858547926486
2030,sc01,10-24 21:00:00+02:00,0.4782607168708671
2030,sc01,10-25 23:00:00+02:00,0.22699246305979603
2030,sc01,10-31 16:00:00+01:00,6.08678429826132
2030,sc01,11-06 22:00:00+01:00,3.2879132254984165
2030,sc01,11-16 16:00:00+01:00,3.672625602995022
2030,sc01,11-30 05:00:00+01:00,0.12936659436944156
2030,sc01,12-07 09:00:00+01:00,3.475649785015766
2030,sc01,12-09 16:00:00+01:00,5.492579953986309
2030,sc01,12-14 08:00:00+01:00,1.0145622283153704
