Period,Scenario,LoadLevel,MEUR
2030,sc01,01-15 00:00:00+01:00,4.390488196158482
2030,sc01,01-29 09:00:00+01:00,9.077017348094946
2030,sc01,02-08 07:00:00+01:00,13.928727411529401
2030,sc01,02-15 14:00:00+01:00,0.44937918332038534
2030,sc01,02-27 01:00:00+01:00,0.5768133421967999
2030,sc01,02-28 07:00:00+01:00,7.987999727699796
2030,sc01,03-07 14:00:00+01:00,2.215102146763994
2030,sc01,04-18 06:00:00+02:00,3.698380282686274
2030,sc01,05-02 18:00:00+02:00,0.3312365259358849
2030,sc01,05-08 03:00:00+02:00,0.43333048000095264
2030,sc01,05-09 18:00:00+02:00,2.293568510188736
2030,sc01,05-12 10:00:00+02:00,0.18906100187938019
2030,sc01,05-14 00:00:00+02:00,0.5094446728750739
2030,sc01,05-14 12:00:00+02:00,0.3971841658575851
2030,sc01,05-25 09:00:00+02:00,0.18477302423558234
2030,sc01,06-03 16:00:00+02:00,0.45754873473643015
2030,sc01,06-10 05:00:00+02:00,0.12053292302164967
2030,sc01,06-11 06:00:00+02:00,4.997134340965326
2030,sc01,06-12 01:00:00+02:00,0.14600975072230218
2030,sc01,06-15 06:00:00+02:00,0.6361104187808424
2030,sc01,06-20 09:00:00+02:00,2.9370796344432097
2030,sc01,06-24 21:00:00+02:00,2.0305659036299444
2030,sc01,06-29 21:00:00+02:00,3.065637142839046
2030,sc01,07-29 12:00:00+02:00,0.594149725708936
2030,sc01,09-07 00:00:00+02:00,1.1435523049079008
2030,sc01,09-07 14:00:00+02:00,0.14662089871868178
2030,sc01,09-09 15:00:00+02:00,2.3184650190948313
2030,sc01,09-21 18:00:00+02:00,4.3949842795214575
2030,sc01,09-30 16:00:00+02:00,0.44459845520180263
2030,sc01,10-01 12:00:00+02:00,0.2038239942003983
2030,sc01,10-02 09:00:00+02:00,1.0573564775194115
2030,sc01,10-05 00:00:00+02:00,0.2931817838000622
2030,sc01,10-24 21:00:00+02:00,0.4463732619410166
2030,sc01,10-25 23:00:00+02:00,0.2383420862127849
2030,sc01,10-31 16:00:00+01:00,6.664014596849582
2030,sc01,11-06 22:00:00+01:00,3.7587130872687746
2030,sc01,11-16 16:00:00+01:00,3.0330408977067407
2030,sc01,11-30 05:00:00+01:00,0.1358349241044505
2030,sc01,12-07 09:00:00+01:00,2.8736510062910234
2030,sc01,12-09 16:00:00+01:00,4.939022380964721
2030,sc01,12-14 08:00:00+01:00,0.8163246076763538
