Period,Scenario,LoadLevel,mEUR
2030,sc01,02-11 15:00:00+01:00,228067404.46248364
2030,sc01,02-24 21:00:00+01:00,3492233.834107479
2030,sc01,02-26 20:00:00+01:00,37502507.23813279
2030,sc01,04-29 04:00:00+02:00,0.0
2030,sc01,07-13 05:00:00+02:00,0.0
2030,sc01,07-25 19:00:00+02:00,22010281.844579883
2030,sc01,09-23 01:00:00+02:00,455362339.79529166
2030,sc01,10-28 21:00:00+01:00,147601675.53135738
2030,sc01,11-26 00:00:00+01:00,93510105.85976762
2030,sc01,11-27 18:00:00+01:00,18050718.879739746
