Period,Scenario,LoadLevel,mEUR
2030,sc01,01-11 09:00:00+01:00,9889.074677501305
2030,sc01,01-14 18:00:00+01:00,8769.512573953292
2030,sc01,01-18 17:00:00+01:00,194937.7703202426
2030,sc01,01-21 19:00:00+01:00,395.20371177455735
2030,sc01,01-23 20:00:00+01:00,12.298640900037126
2030,sc01,02-11 18:00:00+01:00,134332.70366285375
2030,sc01,03-24 21:00:00+01:00,2461022.4277317612
2030,sc01,04-15 14:00:00+02:00,7032577.028463552
2030,sc01,09-18 16:00:00+02:00,12126441.536421426
2030,sc01,10-04 22:00:00+02:00,1920191.8441990213
