Period,Scenario,LoadLevel,mEUR
2030,sc01,01-10 12:00:00+01:00,2653.2829436832862
2030,sc01,01-22 12:00:00+01:00,331.58194653035093
2030,sc01,02-27 19:00:00+01:00,1193289.2713298951
2030,sc01,03-07 00:00:00+01:00,1481809.4205916163
2030,sc01,04-23 08:00:00+02:00,1425668.4544852367
2030,sc01,05-25 01:00:00+02:00,385326.14840241795
2030,sc01,06-16 11:00:00+02:00,184851.9089369146
2030,sc01,07-06 18:00:00+02:00,1275152.6225527746
2030,sc01,09-11 01:00:00+02:00,489513.57835482253
2030,sc01,09-11 18:00:00+02:00,12473790.615254305
2030,sc01,10-04 22:00:00+02:00,1647857.3896980751
