Period,Scenario,LoadLevel,mEUR
2030,sc01,01-01 00:00:00+01:00,274928.9098148517
2030,sc01,01-01 10:00:00+01:00,38587.11388666265
2030,sc01,01-01 11:00:00+01:00,45409.31393307379
2030,sc01,01-01 23:00:00+01:00,141619.16061476088
2030,sc01,01-02 09:00:00+01:00,28333.63860190324
2030,sc01,01-02 11:00:00+01:00,16539.940293468586
2030,sc01,01-02 23:00:00+01:00,31314.30133536192
2030,sc01,01-03 16:00:00+01:00,9826.75990782871
2030,sc01,01-03 17:00:00+01:00,2495.0739505778906
2030,sc01,01-04 10:00:00+01:00,39485.21341863976
2030,sc01,01-05 09:00:00+01:00,101806.33964913774
2030,sc01,01-05 19:00:00+01:00,54612.2286563517
2030,sc01,01-07 09:00:00+01:00,2322.610645938395
2030,sc01,01-07 16:00:00+01:00,645.0786372441042
2030,sc01,01-07 18:00:00+01:00,749.0613641565329
2030,sc01,01-08 16:00:00+01:00,752.1782180455186
2030,sc01,01-09 18:00:00+01:00,330.3614385450816
2030,sc01,01-10 09:00:00+01:00,147.19389091279916
2030,sc01,01-11 19:00:00+01:00,80.41042746898304
2030,sc01,01-19 12:00:00+01:00,87441.1332355331
2030,sc01,01-23 20:00:00+01:00,1.9934530911989266
2030,sc01,01-27 13:00:00+01:00,44351.38124923255
2030,sc01,02-08 00:00:00+01:00,3034.1928893318322
2030,sc01,02-08 06:00:00+01:00,4717.032757185026
2030,sc01,02-16 09:00:00+01:00,95754.93811609625
2030,sc01,02-16 13:00:00+01:00,182193.0316260176
2030,sc01,02-16 15:00:00+01:00,211637.64023342068
2030,sc01,02-17 09:00:00+01:00,31716.717383126022
2030,sc01,02-17 10:00:00+01:00,65266.71966291444
2030,sc01,02-23 15:00:00+01:00,33305.17364288588
2030,sc01,02-24 11:00:00+01:00,27174.706141383995
2030,sc01,02-28 22:00:00+01:00,95127.83067050505
2030,sc01,03-01 10:00:00+01:00,36873.88632564371
2030,sc01,03-20 17:00:00+01:00,33896.42057423133
2030,sc01,03-24 02:00:00+01:00,526296.2700589052
2030,sc01,03-30 22:00:00+01:00,213742.22809919738
2030,sc01,03-31 18:00:00+02:00,102486.26960883048
2030,sc01,04-19 23:00:00+02:00,238965.09935357788
2030,sc01,05-05 11:00:00+02:00,30889.656358917222
2030,sc01,05-05 19:00:00+02:00,106656.33024793814
2030,sc01,05-05 23:00:00+02:00,156059.032169737
2030,sc01,06-07 09:00:00+02:00,120624.21867333744
2030,sc01,06-07 17:00:00+02:00,59629.396541825176
2030,sc01,07-23 09:00:00+02:00,90037.47176647963
2030,sc01,07-24 06:00:00+02:00,48234.37922745842
2030,sc01,09-23 05:00:00+02:00,351084.5455866497
2030,sc01,10-02 21:00:00+02:00,90362.19945466483
2030,sc01,10-28 17:00:00+01:00,116739.12619743888
2030,sc01,11-01 17:00:00+01:00,43934.455381388136
2030,sc01,11-12 09:00:00+01:00,18788.811826203786
