Period,Scenario,LoadLevel,mEUR
2030,sc01,01-03 08:00:00+01:00,48.342665198367044
2030,sc01,01-23 13:00:00+01:00,48190.33814278177
2030,sc01,02-06 10:00:00+01:00,38566.16532331455
2030,sc01,03-27 19:00:00+01:00,4719474.139010223
2030,sc01,04-06 11:00:00+02:00,65248.15830295647
2030,sc01,04-08 18:00:00+02:00,252.18219376713634
2030,sc01,04-17 19:00:00+02:00,269870.0095750761
2030,sc01,04-19 00:00:00+02:00,2753322.605142666
2030,sc01,06-04 18:00:00+02:00,21.53466641672996
2030,sc01,06-15 17:00:00+02:00,217596.15103090386
2030,sc01,06-24 18:00:00+02:00,3334400.7629496776
2030,sc01,07-02 09:00:00+02:00,370709.9226944371
2030,sc01,07-02 18:00:00+02:00,2053651.0594134266
2030,sc01,07-04 11:00:00+02:00,38393.03580019282
2030,sc01,07-10 17:00:00+02:00,803329.3459282613
2030,sc01,07-11 06:00:00+02:00,2942666.0950624286
2030,sc01,07-22 09:00:00+02:00,552793.5476203416
2030,sc01,07-27 06:00:00+02:00,113207.61144375862
2030,sc01,08-01 19:00:00+02:00,6842.099651727096
2030,sc01,09-02 10:00:00+02:00,20.90270772567823
2030,sc01,10-03 00:00:00+02:00,2370517.851670807
