Period,Scenario,LoadLevel,mEUR
2030,sc01,02-04 08:00:00+01:00,570580.4461947788
2030,sc01,02-06 10:00:00+01:00,208742.2674864985
2030,sc01,03-13 07:00:00+01:00,22.2405536211016
2030,sc01,03-29 19:00:00+01:00,449867.1438743077
2030,sc01,04-19 00:00:00+02:00,3845267.4965693457
2030,sc01,05-08 17:00:00+02:00,255548.81591600622
2030,sc01,05-27 19:00:00+02:00,306906.7483986983
2030,sc01,06-03 05:00:00+02:00,109615.86900427403
2030,sc01,06-05 05:00:00+02:00,142901.8314933722
2030,sc01,06-09 19:00:00+02:00,562557.0199712998
2030,sc01,06-25 18:00:00+02:00,2984801.3983911453
2030,sc01,06-27 04:00:00+02:00,175666.66004020636
2030,sc01,07-02 18:00:00+02:00,547421.3006380848
2030,sc01,07-07 04:00:00+02:00,180077.2973622036
2030,sc01,07-08 05:00:00+02:00,121945.0284400317
2030,sc01,07-24 05:00:00+02:00,3609545.4233188536
2030,sc01,08-01 19:00:00+02:00,6842.203292991702
2030,sc01,10-02 00:00:00+02:00,3442310.3390965103
2030,sc01,10-14 07:00:00+02:00,9.22053902359983
2030,sc01,12-19 15:00:00+01:00,32.65451803869303
