Period,Scenario,LoadLevel,mEUR
2030,sc01,01-30 16:00:00+01:00,327233.31995259365
2030,sc01,02-13 05:00:00+01:00,838749.8431137567
2030,sc01,02-16 11:00:00+01:00,470233.54215579946
2030,sc01,02-18 13:00:00+01:00,11624.476315871028
2030,sc01,03-04 06:00:00+01:00,91911.71773733391
2030,sc01,03-04 20:00:00+01:00,2609381.720520185
2030,sc01,03-10 14:00:00+01:00,71462.46461368687
2030,sc01,03-14 20:00:00+01:00,1365355.5318169296
2030,sc01,03-17 05:00:00+01:00,1160657.1624144262
2030,sc01,04-14 03:00:00+02:00,1123916.7982405121
2030,sc01,04-15 10:00:00+02:00,73709.7178866598
2030,sc01,05-14 06:00:00+02:00,2116903.615022534
2030,sc01,05-30 15:00:00+02:00,101100.69575942465
2030,sc01,06-02 14:00:00+02:00,578416.0265021957
2030,sc01,06-06 14:00:00+02:00,25879.197780762577
2030,sc01,06-22 00:00:00+02:00,712356.5122330682
2030,sc01,07-10 17:00:00+02:00,293956.462769799
2030,sc01,07-11 21:00:00+02:00,5535232.8710888205
2030,sc01,07-15 10:00:00+02:00,342132.75091809675
2030,sc01,07-18 16:00:00+02:00,628708.7144942485
2030,sc01,07-27 01:00:00+02:00,2098196.251926197
2030,sc01,09-30 18:00:00+02:00,2634948.5949092302
2030,sc01,10-10 23:00:00+02:00,1493546.4212513561
2030,sc01,10-13 14:00:00+02:00,427942.44117714127
2030,sc01,10-15 14:00:00+02:00,28501.093784158547
2030,sc01,10-23 03:00:00+02:00,528537.4536435797
2030,sc01,10-28 06:00:00+01:00,559053.3864762835
2030,sc01,11-14 02:00:00+01:00,68385.44052767154
2030,sc01,11-17 10:00:00+01:00,36017.07699705744
2030,sc01,11-20 08:00:00+01:00,865136.9117915191
2030,sc01,11-27 07:00:00+01:00,233301.3197634954
