Period,Scenario,LoadLevel,MEUR
2030,sc01,01-30 16:00:00+01:00,1.2710715733695606
2030,sc01,02-11 14:00:00+01:00,1.3828210961276257
2030,sc01,02-16 17:00:00+01:00,2.6102821140638373
2030,sc01,02-18 13:00:00+01:00,0.4684923334763031
2030,sc01,02-24 03:00:00+01:00,3.8843205003345327
2030,sc01,03-02 09:00:00+01:00,0.9199944778776925
2030,sc01,03-04 09:00:00+01:00,0.2391973013214811
2030,sc01,03-04 21:00:00+01:00,8.446962401559192
2030,sc01,03-17 03:00:00+01:00,2.4914664324224853
2030,sc01,03-26 02:00:00+01:00,0.7611173491069817
2030,sc01,03-27 23:00:00+01:00,3.4680954770010315
2030,sc01,05-06 13:00:00+02:00,1.216751757412586
2030,sc01,05-16 01:00:00+02:00,4.778949706038033
2030,sc01,05-27 07:00:00+02:00,3.1264396291640146
2030,sc01,05-27 14:00:00+02:00,0.3270272907131594
2030,sc01,06-06 14:00:00+02:00,0.174859444464612
2030,sc01,06-27 00:00:00+02:00,7.3812232745225845
2030,sc01,07-09 09:00:00+02:00,0.908345102780427
2030,sc01,07-27 09:00:00+02:00,1.9344354021093109
2030,sc01,08-13 21:00:00+02:00,9.899259742137161
2030,sc01,08-30 09:00:00+02:00,0.5876536608314442
2030,sc01,09-16 02:00:00+02:00,5.65563782238791
2030,sc01,09-30 10:00:00+02:00,1.2290471595280343
2030,sc01,09-30 18:00:00+02:00,6.200520830780295
2030,sc01,10-16 22:00:00+02:00,2.188411739033079
2030,sc01,10-17 08:00:00+02:00,0.41127728491655735
2030,sc01,10-26 09:00:00+02:00,0.39828649789572657
2030,sc01,10-30 04:00:00+01:00,1.7912282873441379
2030,sc01,11-01 21:00:00+01:00,0.9698340056523822
2030,sc01,11-14 02:00:00+01:00,0.31440674603942487
2030,sc01,11-26 08:00:00+01:00,1.9371347423999628
