Period,Scenario,LoadLevel,MEUR
2030,sc01,01-18 01:00:00+01:00,0.3609575462823264
2030,sc01,02-05 07:00:00+01:00,0.07824025204185085
2030,sc01,02-09 05:00:00+01:00,2.2702057193411975
2030,sc01,02-11 09:00:00+01:00,0.07872479481572064
2030,sc01,02-14 14:00:00+01:00,0.10900967876843373
2030,sc01,03-03 12:00:00+01:00,0.13603790743796568
2030,sc01,03-17 21:00:00+01:00,0.20508560862042047
2030,sc01,03-31 17:00:00+02:00,3.2091132540210814
2030,sc01,04-03 03:00:00+02:00,0.23906817272588216
2030,sc01,04-03 07:00:00+02:00,0.1194395591704656
2030,sc01,04-04 05:00:00+02:00,1.6201826114873736
2030,sc01,04-04 22:00:00+02:00,0.23713961486564
2030,sc01,04-09 08:00:00+02:00,0.20788063165151316
2030,sc01,04-29 05:00:00+02:00,0.10564716914552254
2030,sc01,05-01 22:00:00+02:00,2.264929388135568
2030,sc01,05-12 08:00:00+02:00,0.11495657014689607
2030,sc01,06-17 09:00:00+02:00,0.32694761621031887
2030,sc01,07-03 13:00:00+02:00,6.650246936346497
2030,sc01,07-04 20:00:00+02:00,7.484993282829946
2030,sc01,07-07 05:00:00+02:00,2.6571370299644297
2030,sc01,07-08 00:00:00+02:00,5.6746504396301445
2030,sc01,07-08 02:00:00+02:00,2.9138302180448554
2030,sc01,07-18 02:00:00+02:00,3.0959364895861223
2030,sc01,07-28 08:00:00+02:00,2.9786201009524986
2030,sc01,08-04 17:00:00+02:00,13.130216618732618
2030,sc01,08-12 08:00:00+02:00,0.5821354720194742
2030,sc01,08-16 09:00:00+02:00,0.1198672501588078
2030,sc01,08-28 18:00:00+02:00,5.582088170796609
2030,sc01,08-31 08:00:00+02:00,0.29855209081852385
2030,sc01,09-11 01:00:00+02:00,1.8410526552368212
2030,sc01,09-16 05:00:00+02:00,4.374940715809998
2030,sc01,09-23 18:00:00+02:00,4.274644146464593
2030,sc01,10-24 22:00:00+02:00,3.5555034619583887
2030,sc01,11-07 11:00:00+01:00,0.06652207000848583
2030,sc01,11-08 17:00:00+01:00,3.3268491250302867
2030,sc01,11-13 07:00:00+01:00,0.07117334484347601
2030,sc01,11-14 23:00:00+01:00,0.22295635276772885
2030,sc01,11-15 16:00:00+01:00,0.43140774003129817
2030,sc01,11-19 08:00:00+01:00,0.13308442516144758
2030,sc01,11-19 18:00:00+01:00,0.6706186481559748
2030,sc01,11-21 08:00:00+01:00,0.16702928188600535
