Period,Scenario,LoadLevel,MEUR
2030,sc01,01-21 15:00:00+01:00,0.21920233161855845
2030,sc01,02-10 09:00:00+01:00,0.19046720113615556
2030,sc01,02-15 01:00:00+01:00,0.36237684361875094
2030,sc01,02-18 03:00:00+01:00,0.5067231776918516
2030,sc01,03-06 07:00:00+01:00,0.11403607178693519
2030,sc01,03-07 04:00:00+01:00,2.35935783589087
2030,sc01,03-10 21:00:00+01:00,0.28421012147645924
2030,sc01,03-26 02:00:00+01:00,0.12957135830259914
2030,sc01,03-30 18:00:00+01:00,2.0304049888221947
2030,sc01,04-01 16:00:00+02:00,0.17747414344532592
2030,sc01,04-08 08:00:00+02:00,0.4836211583529556
2030,sc01,04-08 19:00:00+02:00,2.001750942532037
2030,sc01,04-12 22:00:00+02:00,0.2199648328974677
2030,sc01,04-19 14:00:00+02:00,0.3274625786545206
2030,sc01,05-14 04:00:00+02:00,1.0143864393207624
2030,sc01,05-29 01:00:00+02:00,0.03236298606955454
2030,sc01,06-03 20:00:00+02:00,2.1340750035791713
2030,sc01,06-12 00:00:00+02:00,4.58385587670949
2030,sc01,06-13 05:00:00+02:00,0.1982440827015097
2030,sc01,06-23 22:00:00+02:00,3.662667747523945
2030,sc01,07-02 01:00:00+02:00,0.1658120968204334
2030,sc01,07-03 00:00:00+02:00,0.4109444078514624
2030,sc01,07-05 05:00:00+02:00,0.4062149490115155
2030,sc01,07-06 07:00:00+02:00,1.504396762864441
2030,sc01,07-08 03:00:00+02:00,0.6564912664002253
2030,sc01,07-08 17:00:00+02:00,17.23205615630103
2030,sc01,07-18 08:00:00+02:00,5.440650145208159
2030,sc01,07-20 03:00:00+02:00,1.2149973559903562
2030,sc01,07-27 05:00:00+02:00,1.9396057480842261
2030,sc01,07-29 07:00:00+02:00,0.3084260158304876
2030,sc01,07-31 20:00:00+02:00,11.950057438258593
2030,sc01,09-17 19:00:00+02:00,3.5335536820255014
2030,sc01,10-06 23:00:00+02:00,9.794526403507763
2030,sc01,10-22 14:00:00+02:00,0.33172695290394544
2030,sc01,11-03 18:00:00+01:00,3.17591726427594
2030,sc01,11-07 16:00:00+01:00,0.6833954923493049
2030,sc01,11-13 21:00:00+01:00,0.20789909750746044
2030,sc01,11-21 21:00:00+01:00,0.5069429698218723
2030,sc01,11-27 18:00:00+01:00,0.5138770794671103
2030,sc01,12-08 08:00:00+01:00,0.2243289835493923
