Period,Scenario,LoadLevel,MEUR
2030,sc01,01-21 15:00:00+01:00,0.21920233161855832
2030,sc01,02-10 09:00:00+01:00,0.19046720113615884
2030,sc01,02-15 01:00:00+01:00,0.29869380556822145
2030,sc01,02-18 03:00:00+01:00,1.0513517769136795
2030,sc01,03-06 07:00:00+01:00,0.1140360717869365
2030,sc01,03-07 04:00:00+01:00,1.1246252345254277
2030,sc01,03-10 21:00:00+01:00,0.584790617196635
2030,sc01,03-26 02:00:00+01:00,0.20391611164818804
2030,sc01,03-30 18:00:00+01:00,0.8380354748895207
2030,sc01,04-01 16:00:00+02:00,0.24585168525830448
2030,sc01,04-08 08:00:00+02:00,0.2780776964681549
2030,sc01,04-08 19:00:00+02:00,0.7974140277463239
2030,sc01,04-12 22:00:00+02:00,0.39454834022558394
2030,sc01,04-19 14:00:00+02:00,0.32746257865452455
2030,sc01,05-14 04:00:00+02:00,0.4513851633316221
2030,sc01,05-29 01:00:00+02:00,0.082576205714113
2030,sc01,06-03 20:00:00+02:00,0.8431398533710901
2030,sc01,06-12 00:00:00+02:00,2.121868076894468
2030,sc01,06-13 05:00:00+02:00,0.09546125418014935
2030,sc01,06-23 22:00:00+02:00,2.3956878703595974
2030,sc01,07-02 01:00:00+02:00,0.1332330564504027
2030,sc01,07-03 00:00:00+02:00,0.29122221899784306
2030,sc01,07-05 05:00:00+02:00,0.19085499878036763
2030,sc01,07-06 07:00:00+02:00,0.8844207633861206
2030,sc01,07-08 03:00:00+02:00,0.26429992705036615
2030,sc01,07-08 17:00:00+02:00,6.965366320070405
2030,sc01,07-18 08:00:00+02:00,3.2011769062259026
2030,sc01,07-20 03:00:00+02:00,0.6003411569065423
2030,sc01,07-27 05:00:00+02:00,0.7935229458822537
2030,sc01,07-29 07:00:00+02:00,0.30842601583048973
2030,sc01,07-31 20:00:00+02:00,5.574496140253057
2030,sc01,09-17 19:00:00+02:00,1.8289589726347122
2030,sc01,10-06 23:00:00+02:00,4.3088833806065585
2030,sc01,10-22 14:00:00+02:00,0.33172695290394255
2030,sc01,11-03 18:00:00+01:00,1.2802899594400414
2030,sc01,11-07 16:00:00+01:00,0.6564058592620078
2030,sc01,11-13 21:00:00+01:00,0.4496862007669046
2030,sc01,11-21 21:00:00+01:00,0.23507040142054428
2030,sc01,11-27 18:00:00+01:00,1.1080673054900878
2030,sc01,12-08 08:00:00+01:00,0.2243289835493895
