Period,Scenario,LoadLevel,MEUR
2030,sc01,01-21 15:00:00+01:00,0.21920233161855943
2030,sc01,02-10 09:00:00+01:00,0.19046720113615168
2030,sc01,02-15 01:00:00+01:00,0.2986938055682365
2030,sc01,02-18 03:00:00+01:00,1.0513517769136338
2030,sc01,03-06 07:00:00+01:00,0.11403607178693653
2030,sc01,03-07 04:00:00+01:00,1.1246252345254089
2030,sc01,03-10 21:00:00+01:00,0.5847906171966382
2030,sc01,03-26 02:00:00+01:00,0.2039161116481914
2030,sc01,03-30 18:00:00+01:00,0.8380354748895292
2030,sc01,04-01 16:00:00+02:00,0.24585168525827528
2030,sc01,04-08 08:00:00+02:00,0.2780776964681223
2030,sc01,04-08 19:00:00+02:00,0.7974140277463313
2030,sc01,04-12 22:00:00+02:00,0.3945483402255735
2030,sc01,04-19 14:00:00+02:00,0.32746257865452044
2030,sc01,05-14 04:00:00+02:00,0.4513851633316287
2030,sc01,05-29 01:00:00+02:00,0.08257620571411249
2030,sc01,06-03 20:00:00+02:00,0.8431398533710975
2030,sc01,06-12 00:00:00+02:00,2.1218680768944487
2030,sc01,06-13 05:00:00+02:00,0.09546125418014867
2030,sc01,06-23 22:00:00+02:00,2.3956878703596134
2030,sc01,07-02 01:00:00+02:00,0.13323305645040023
2030,sc01,07-03 00:00:00+02:00,0.29122221899784234
2030,sc01,07-05 05:00:00+02:00,0.19085499878035128
2030,sc01,07-06 07:00:00+02:00,0.8844207633861133
2030,sc01,07-08 03:00:00+02:00,0.2642999270503613
2030,sc01,07-08 17:00:00+02:00,6.96536632007035
2030,sc01,07-18 08:00:00+02:00,3.201176906226142
2030,sc01,07-20 03:00:00+02:00,0.6003411569065398
2030,sc01,07-27 05:00:00+02:00,0.7935229458823131
2030,sc01,07-29 07:00:00+02:00,0.30842601583049095
2030,sc01,07-31 20:00:00+02:00,5.57449614025314
2030,sc01,09-17 19:00:00+02:00,1.8289589726347117
2030,sc01,10-06 23:00:00+02:00,4.308883380606684
2030,sc01,10-22 14:00:00+02:00,0.3317269529039606
2030,sc01,11-03 18:00:00+01:00,1.28028995944003
2030,sc01,11-07 16:00:00+01:00,0.6564058592619899
2030,sc01,11-13 21:00:00+01:00,0.44968620076684773
2030,sc01,11-21 21:00:00+01:00,0.23507040142051103
2030,sc01,11-27 18:00:00+01:00,1.1080673054901626
2030,sc01,12-08 08:00:00+01:00,0.22432898354939718
