Period,Scenario,LoadLevel,mEUR
2030,sc01,01-10 20:00:00+01:00,35745.03631685957
2030,sc01,02-04 19:00:00+01:00,935789.1576707277
2030,sc01,02-08 08:00:00+01:00,13849971.288531678
2030,sc01,02-25 09:00:00+01:00,1134452.515551311
2030,sc01,03-03 21:00:00+01:00,2479372.2336545493
2030,sc01,03-11 10:00:00+01:00,1594103.9644817312
2030,sc01,03-14 00:00:00+01:00,366503.5311075018
2030,sc01,03-19 06:00:00+01:00,5190507.887423667
2030,sc01,03-29 22:00:00+01:00,3504713.20729957
2030,sc01,04-17 21:00:00+02:00,2414823.4692338905
2030,sc01,05-09 11:00:00+02:00,485655.4117734489
2030,sc01,05-09 20:00:00+02:00,3788011.995602956
2030,sc01,05-15 09:00:00+02:00,1297099.5014280307
2030,sc01,05-16 11:00:00+02:00,1010453.1418228731
2030,sc01,05-29 14:00:00+02:00,158582.7262106121
2030,sc01,05-29 22:00:00+02:00,2517039.018225954
2030,sc01,06-06 09:00:00+02:00,494341.46987003984
2030,sc01,06-08 18:00:00+02:00,0.0
2030,sc01,06-09 01:00:00+02:00,0.0
2030,sc01,06-13 12:00:00+02:00,1398001.5303873217
2030,sc01,06-15 16:00:00+02:00,0.0
2030,sc01,06-21 19:00:00+02:00,1495774.1507431448
2030,sc01,06-29 10:00:00+02:00,0.0
2030,sc01,07-01 08:00:00+02:00,1377802.9190994257
2030,sc01,07-05 03:00:00+02:00,0.0
2030,sc01,07-07 05:00:00+02:00,0.0
2030,sc01,07-12 04:00:00+02:00,784443.478161674
2030,sc01,07-13 07:00:00+02:00,9612.750335655464
2030,sc01,07-19 22:00:00+02:00,20050476.468914974
2030,sc01,07-24 14:00:00+02:00,4961802.51842282
2030,sc01,07-26 04:00:00+02:00,0.0
2030,sc01,07-26 21:00:00+02:00,4477860.421575489
2030,sc01,07-28 21:00:00+02:00,2553227.279495605
2030,sc01,07-31 16:00:00+02:00,2050129.8688161268
2030,sc01,08-07 14:00:00+02:00,10614916.75034976
2030,sc01,08-10 01:00:00+02:00,0.0
2030,sc01,08-13 16:00:00+02:00,348096.9392125875
2030,sc01,08-20 21:00:00+02:00,10335956.98527505
2030,sc01,08-29 03:00:00+02:00,0.0
2030,sc01,08-30 17:00:00+02:00,5111886.016242372
2030,sc01,08-30 18:00:00+02:00,429064.9559843302
2030,sc01,08-30 19:00:00+02:00,17679954.58492419
2030,sc01,09-20 20:00:00+02:00,7732482.686905312
2030,sc01,10-01 05:00:00+02:00,142207.62600359696
2030,sc01,10-18 22:00:00+02:00,419778.0922420705
2030,sc01,11-21 16:00:00+01:00,24294070.736600038
2030,sc01,11-22 08:00:00+01:00,5882091.231472382
2030,sc01,11-22 22:00:00+01:00,2081411.8034698057
2030,sc01,11-26 11:00:00+01:00,1621857.4216334368
2030,sc01,12-05 20:00:00+01:00,635483.3901998455
