Period,Scenario,LoadLevel,mEUR
2030,sc01,02-06 09:00:00+01:00,230643.44596609878
2030,sc01,02-06 10:00:00+01:00,152162.85091782527
2030,sc01,02-11 10:00:00+01:00,52035.667538657806
2030,sc01,02-21 08:00:00+01:00,238324.74297659795
2030,sc01,02-25 07:00:00+01:00,146435.49457318353
2030,sc01,03-13 07:00:00+01:00,22.791840980257614
2030,sc01,04-02 19:00:00+02:00,179944.4462419842
2030,sc01,04-04 18:00:00+02:00,237581.70031612806
2030,sc01,04-19 00:00:00+02:00,3000331.068127338
2030,sc01,06-03 05:00:00+02:00,113081.79543662148
2030,sc01,06-05 05:00:00+02:00,123546.35829661429
2030,sc01,06-13 05:00:00+02:00,14129.47524928551
2030,sc01,06-15 20:00:00+02:00,1599507.4744510122
2030,sc01,06-19 04:00:00+02:00,629997.7454026348
2030,sc01,07-02 06:00:00+02:00,214697.2817287957
2030,sc01,07-03 18:00:00+02:00,179177.39737404344
2030,sc01,07-04 19:00:00+02:00,324790.4235051696
2030,sc01,07-08 05:00:00+02:00,149667.75676234823
2030,sc01,07-08 10:00:00+02:00,84816.40757729764
2030,sc01,07-11 08:00:00+02:00,1239135.1285822839
2030,sc01,07-12 15:00:00+02:00,364456.10944734997
2030,sc01,07-13 20:00:00+02:00,501171.0831199702
2030,sc01,07-19 10:00:00+02:00,471008.7022277226
2030,sc01,07-20 19:00:00+02:00,856906.4266163476
2030,sc01,08-01 19:00:00+02:00,6842.054250336651
2030,sc01,10-03 00:00:00+02:00,2550095.6081491387
2030,sc01,10-14 07:00:00+02:00,10.913114500498292
2030,sc01,11-15 08:00:00+01:00,164048.22659987485
2030,sc01,12-05 16:00:00+01:00,6723.228848304539
2030,sc01,12-19 15:00:00+01:00,32.198742004185945
