Period,Scenario,LoadLevel,mEUR
2030,sc01,01-18 19:00:00+01:00,1007576.5931880343
2030,sc01,01-24 11:00:00+01:00,35507.007257357494
2030,sc01,03-03 13:00:00+01:00,0.0
2030,sc01,07-09 01:00:00+02:00,0.0
2030,sc01,07-09 10:00:00+02:00,16277969.942227071
2030,sc01,07-31 07:00:00+02:00,2593381.7792072794
2030,sc01,10-30 22:00:00+01:00,1347055559.4681115
2030,sc01,10-31 13:00:00+01:00,684492.4951078013
2030,sc01,11-13 20:00:00+01:00,1382790.826350119
2030,sc01,11-25 20:00:00+01:00,3559538.3336689714
