Period,Scenario,LoadLevel,mEUR
2030,sc01,01-04 16:00:00+01:00,2814.0728905635424
2030,sc01,01-10 16:00:00+01:00,902.8735091120028
2030,sc01,01-17 17:00:00+01:00,61720.95710674649
2030,sc01,01-17 20:00:00+01:00,3894.269215545592
2030,sc01,01-22 10:00:00+01:00,1837.4847711580694
2030,sc01,01-23 08:00:00+01:00,3709.447989212328
2030,sc01,01-24 00:00:00+01:00,547898.7469752191
2030,sc01,01-24 17:00:00+01:00,10590.921534433788
2030,sc01,01-28 09:00:00+01:00,35039.78272609803
2030,sc01,01-30 19:00:00+01:00,1326.299131714317
2030,sc01,02-01 18:00:00+01:00,570.8744539045308
2030,sc01,02-14 18:00:00+01:00,2939.9448615168326
2030,sc01,03-01 16:00:00+01:00,67564760.87383886
2030,sc01,04-30 16:00:00+02:00,2653608.527224201
2030,sc01,07-04 15:00:00+02:00,3646567.8513929783
2030,sc01,09-17 07:00:00+02:00,21202870.042163797
2030,sc01,11-23 09:00:00+01:00,16936572.745755903
2030,sc01,12-04 16:00:00+01:00,3029.3295217847067
2030,sc01,12-04 18:00:00+01:00,459.788971632746
2030,sc01,12-11 17:00:00+01:00,81.88294699420344
