Period,Scenario,LoadLevel,mEUR
2030,sc01,01-18 17:00:00+01:00,765384.3677525276
2030,sc01,01-26 01:00:00+01:00,120880.1890898766
2030,sc01,03-13 18:00:00+01:00,14154143.228789877
2030,sc01,03-20 01:00:00+01:00,240390.7767276935
2030,sc01,03-22 19:00:00+01:00,171874.23287834425
2030,sc01,03-27 10:00:00+01:00,308112.6279663221
2030,sc01,05-23 12:00:00+02:00,6284.31072324914
2030,sc01,05-26 20:00:00+02:00,6206501.427122042
2030,sc01,06-07 18:00:00+02:00,2659189.6667251843
2030,sc01,06-16 11:00:00+02:00,101790.22429476831
2030,sc01,06-17 10:00:00+02:00,28190.728296621535
2030,sc01,06-30 03:00:00+02:00,38142.41697911003
2030,sc01,07-05 03:00:00+02:00,149928.6610894638
2030,sc01,07-07 01:00:00+02:00,136847.97428579905
2030,sc01,07-23 06:00:00+02:00,1092035.936109333
2030,sc01,07-30 10:00:00+02:00,98748.94995431339
2030,sc01,08-03 13:00:00+02:00,193.39193372061675
2030,sc01,09-03 19:00:00+02:00,10675036.476038354
2030,sc01,09-12 16:00:00+02:00,547420.6427955872
2030,sc01,10-08 04:00:00+02:00,132480.85526483503
2030,sc01,12-01 09:00:00+01:00,8263876.298006513
