Period,Scenario,LoadLevel,mEUR
2030,sc01,01-14 15:00:00+01:00,95947.26694816082
2030,sc01,01-16 09:00:00+01:00,26568.01119180719
2030,sc01,01-17 10:00:00+01:00,732.552627034479
2030,sc01,01-23 12:00:00+01:00,24051.888176027045
2030,sc01,01-25 17:00:00+01:00,7323.073620873837
2030,sc01,01-29 16:00:00+01:00,31655.77936039095
2030,sc01,01-30 09:00:00+01:00,1211.6017248065116
2030,sc01,01-30 21:00:00+01:00,29221.81628864792
2030,sc01,01-31 10:00:00+01:00,2812.996379208159
2030,sc01,02-01 16:00:00+01:00,30761.541555498407
2030,sc01,02-05 08:00:00+01:00,1575.2852134018628
2030,sc01,02-11 17:00:00+01:00,1287.229382153219
2030,sc01,02-13 18:00:00+01:00,1384.4059355332645
2030,sc01,02-14 08:00:00+01:00,9472.188372948467
2030,sc01,02-15 17:00:00+01:00,114192.9297375818
2030,sc01,02-18 07:00:00+01:00,252.39341902599162
2030,sc01,02-19 18:00:00+01:00,7170.30407657776
2030,sc01,03-13 18:00:00+01:00,63813.70523079867
2030,sc01,03-17 10:00:00+01:00,1561862.372934707
2030,sc01,04-02 15:00:00+02:00,186218.30649273674
2030,sc01,04-04 17:00:00+02:00,343286.11829265434
2030,sc01,04-11 15:00:00+02:00,19360.328989381167
2030,sc01,04-16 08:00:00+02:00,17193.55902401852
2030,sc01,04-16 19:00:00+02:00,12636.37690123942
2030,sc01,04-26 19:00:00+02:00,103879.15465563678
2030,sc01,05-15 05:00:00+02:00,649002.0510523989
2030,sc01,05-20 18:00:00+02:00,526248.8100725878
2030,sc01,05-23 18:00:00+02:00,11500.426193999727
2030,sc01,05-24 18:00:00+02:00,338265.0127183258
2030,sc01,05-27 19:00:00+02:00,957241.5353933952
2030,sc01,06-20 00:00:00+02:00,960526.4992568971
2030,sc01,06-26 20:00:00+02:00,108715.72913559563
2030,sc01,06-27 04:00:00+02:00,22925.8729067153
2030,sc01,06-28 05:00:00+02:00,140243.9140026828
2030,sc01,07-06 07:00:00+02:00,194137.57814017803
2030,sc01,07-19 13:00:00+02:00,48.990140430984354
2030,sc01,07-20 15:00:00+02:00,368198.61202108226
2030,sc01,07-25 20:00:00+02:00,62638.81196689063
2030,sc01,07-26 20:00:00+02:00,264745.8337981166
2030,sc01,09-19 16:00:00+02:00,121042.04301231937
2030,sc01,09-28 08:00:00+02:00,94469.54964222001
2030,sc01,10-07 06:00:00+02:00,26738.679531681555
2030,sc01,10-18 00:00:00+02:00,1640235.5939419908
2030,sc01,10-23 17:00:00+02:00,104113.73308213834
2030,sc01,11-25 08:00:00+01:00,10404.708556290749
2030,sc01,12-02 16:00:00+01:00,721.5131137745426
2030,sc01,12-09 19:00:00+01:00,22876.69070800897
2030,sc01,12-11 09:00:00+01:00,63446.61516001899
2030,sc01,12-14 13:00:00+01:00,1585.683212815636
2030,sc01,12-19 16:00:00+01:00,3751.4062175738572
