Period,Scenario,LoadLevel,MEUR
2030,sc01,01-29 08:00:00+01:00,16.23470095135934
2030,sc01,02-15 21:00:00+01:00,0.5178928660329107
2030,sc01,02-25 15:00:00+01:00,0.7081913261584251
2030,sc01,02-26 07:00:00+01:00,20.3286239863491
2030,sc01,03-06 01:00:00+01:00,0.5145213578219153
2030,sc01,03-08 07:00:00+01:00,5.4180204404698635
2030,sc01,05-03 05:00:00+02:00,1.0336794437209886
2030,sc01,05-06 17:00:00+02:00,0.6175678095442448
2030,sc01,06-04 07:00:00+02:00,8.831906176739192
2030,sc01,06-10 23:00:00+02:00,0.34069292264773665
2030,sc01,06-15 05:00:00+02:00,0.4316256329296733
2030,sc01,06-23 09:00:00+02:00,0.22013877071387858
2030,sc01,07-05 15:00:00+02:00,0.8622079740197246
2030,sc01,08-17 14:00:00+02:00,0.2829959308841846
2030,sc01,08-26 06:00:00+02:00,9.832629570435964
2030,sc01,09-17 16:00:00+02:00,0.4538573462562802
2030,sc01,10-10 09:00:00+02:00,0.5319101460825587
2030,sc01,10-12 05:00:00+02:00,0.4036227360117574
2030,sc01,10-16 04:00:00+02:00,0.36853601720420404
2030,sc01,10-24 17:00:00+02:00,12.54920435076318
2030,sc01,12-20 09:00:00+01:00,10.12555288795429
