Period,Scenario,LoadLevel,MEUR
2030,sc01,02-12 05:00:00+01:00,5.943865651874856
2030,sc01,02-12 08:00:00+01:00,23.189586098349185
2030,sc01,02-24 18:00:00+01:00,5.975565016239403
2030,sc01,03-06 10:00:00+01:00,3.1833887266275323
2030,sc01,03-22 04:00:00+01:00,0.4848313070308707
2030,sc01,05-09 13:00:00+02:00,0.7221356359858802
2030,sc01,05-16 16:00:00+02:00,4.156487423277867
2030,sc01,05-16 23:00:00+02:00,2.4454408172925017
2030,sc01,05-29 03:00:00+02:00,0.4812843655788288
2030,sc01,06-10 19:00:00+02:00,12.961090778460386
2030,sc01,07-21 14:00:00+02:00,0.2946854729582825
2030,sc01,07-29 13:00:00+02:00,1.139010139389206
2030,sc01,08-17 14:00:00+02:00,0.35829996532505165
2030,sc01,09-21 22:00:00+02:00,2.7524425866349564
2030,sc01,09-23 15:00:00+02:00,1.0409862346553294
2030,sc01,10-09 07:00:00+02:00,5.833542217026793
2030,sc01,10-24 23:00:00+02:00,0.5762068259985935
2030,sc01,10-27 17:00:00+01:00,7.189510620574216
2030,sc01,10-31 16:00:00+01:00,6.763477501280212
2030,sc01,11-22 23:00:00+01:00,0.5074981577894082
2030,sc01,12-09 20:00:00+01:00,8.67287739319591
