Period,Scenario,LoadLevel,mEUR
2030,sc01,01-03 12:00:00+01:00,2880489.5378031405
2030,sc01,01-29 00:00:00+01:00,135786.20455188464
2030,sc01,02-06 07:00:00+01:00,371926.7381982293
2030,sc01,02-15 04:00:00+01:00,92823.71807179275
2030,sc01,03-15 09:00:00+01:00,1038984.9352167204
2030,sc01,03-29 06:00:00+01:00,1025793.3153547032
2030,sc01,05-10 00:00:00+02:00,127803.91691881116
2030,sc01,05-22 05:00:00+02:00,474399.48507721303
2030,sc01,06-03 17:00:00+02:00,836930.6769813498
2030,sc01,06-04 15:00:00+02:00,734886.003452604
2030,sc01,06-15 04:00:00+02:00,136469.34516654012
2030,sc01,07-18 14:00:00+02:00,1349692.3209455395
2030,sc01,07-24 00:00:00+02:00,94595.12019392247
2030,sc01,10-08 00:00:00+02:00,78404.98155215423
2030,sc01,10-10 00:00:00+02:00,165986.62754256866
2030,sc01,10-28 06:00:00+01:00,163148.9429996084
2030,sc01,10-28 15:00:00+01:00,4869615.929845379
2030,sc01,11-04 08:00:00+01:00,3287072.1268678606
2030,sc01,12-03 09:00:00+01:00,1250730.602399211
2030,sc01,12-04 00:00:00+01:00,46428.804353205276
