Period,Scenario,LoadLevel,MEUR
2030,sc01,02-12 05:00:00+01:00,4.9214474740538074
2030,sc01,02-12 08:00:00+01:00,20.616142603205176
2030,sc01,02-24 18:00:00+01:00,6.809702037308695
2030,sc01,03-06 10:00:00+01:00,2.0583396078308183
2030,sc01,03-22 04:00:00+01:00,0.4617441018753764
2030,sc01,05-09 13:00:00+02:00,0.681171737284331
2030,sc01,05-16 16:00:00+02:00,3.1751650055944496
2030,sc01,05-16 23:00:00+02:00,1.830633803019911
2030,sc01,05-29 03:00:00+02:00,0.42734423727522075
2030,sc01,06-10 19:00:00+02:00,11.186342511432201
2030,sc01,07-21 14:00:00+02:00,0.27515145191930446
2030,sc01,07-29 13:00:00+02:00,0.9740221283978013
2030,sc01,08-17 14:00:00+02:00,0.3352633241752959
2030,sc01,09-21 22:00:00+02:00,2.1724195757138265
2030,sc01,09-23 15:00:00+02:00,0.9044743866656526
2030,sc01,10-09 07:00:00+02:00,4.533945065532199
2030,sc01,10-24 23:00:00+02:00,0.5487684057171798
2030,sc01,10-27 17:00:00+01:00,6.20592762027033
2030,sc01,10-31 16:00:00+01:00,6.177631825100978
2030,sc01,11-22 23:00:00+01:00,0.5382432707858474
2030,sc01,12-09 20:00:00+01:00,9.4089553156059
