Period,Scenario,LoadLevel,MEUR
2030,sc01,02-12 05:00:00+01:00,4.921447474053987
2030,sc01,02-12 08:00:00+01:00,20.61614260320539
2030,sc01,02-24 18:00:00+01:00,6.809702037308722
2030,sc01,03-06 10:00:00+01:00,2.058339607830934
2030,sc01,03-22 04:00:00+01:00,0.46174410187537296
2030,sc01,05-09 13:00:00+02:00,0.6811717372843284
2030,sc01,05-16 16:00:00+02:00,3.1751650055945477
2030,sc01,05-16 23:00:00+02:00,1.8306338030197635
2030,sc01,05-29 03:00:00+02:00,0.4273442372752324
2030,sc01,06-10 19:00:00+02:00,11.186342511432152
2030,sc01,07-21 14:00:00+02:00,0.2751514519193064
2030,sc01,07-29 13:00:00+02:00,0.9740221283978178
2030,sc01,08-17 14:00:00+02:00,0.3352633241752975
2030,sc01,09-21 22:00:00+02:00,2.172419575713515
2030,sc01,09-23 15:00:00+02:00,0.9044743866656454
2030,sc01,10-09 07:00:00+02:00,4.533945065532257
2030,sc01,10-24 23:00:00+02:00,0.5487684057171778
2030,sc01,10-27 17:00:00+01:00,6.205927620270413
2030,sc01,10-31 16:00:00+01:00,6.177631825101022
2030,sc01,11-22 23:00:00+01:00,0.5382432707858769
2030,sc01,12-09 20:00:00+01:00,9.408955315605912
