Period,Scenario,LoadLevel,mEUR
2030,sc01,01-03 12:00:00+01:00,2880489.5378031335
2030,sc01,01-29 00:00:00+01:00,135786.20455188464
2030,sc01,02-06 07:00:00+01:00,371926.7381982293
2030,sc01,02-15 04:00:00+01:00,92823.71807179261
2030,sc01,03-15 09:00:00+01:00,1038984.9352167211
2030,sc01,03-29 06:00:00+01:00,1025793.3153547012
2030,sc01,05-10 00:00:00+02:00,127803.91691881117
2030,sc01,05-22 05:00:00+02:00,474399.4850772088
2030,sc01,06-03 17:00:00+02:00,836930.67698135
2030,sc01,06-04 15:00:00+02:00,734886.0034526044
2030,sc01,06-15 04:00:00+02:00,136469.3451665398
2030,sc01,07-18 14:00:00+02:00,1349692.3209455342
2030,sc01,07-24 00:00:00+02:00,94595.12019392243
2030,sc01,10-08 00:00:00+02:00,78404.98155215425
2030,sc01,10-10 00:00:00+02:00,165986.62754256852
2030,sc01,10-28 06:00:00+01:00,163148.94299960803
2030,sc01,10-28 15:00:00+01:00,4869615.929845377
2030,sc01,11-04 08:00:00+01:00,3287072.1268678657
2030,sc01,12-03 09:00:00+01:00,1250730.6023992097
2030,sc01,12-04 00:00:00+01:00,46428.804353205276
