Period,Scenario,LoadLevel,mEUR
2030,sc01,01-01 00:00:00+01:00,325123.9262553767
2030,sc01,01-01 11:00:00+01:00,124941.05277068654
2030,sc01,01-01 16:00:00+01:00,237276.97101208728
2030,sc01,01-01 17:00:00+01:00,110927.0840868422
2030,sc01,01-02 09:00:00+01:00,45475.82919427745
2030,sc01,01-02 23:00:00+01:00,38262.21916236299
2030,sc01,01-03 16:00:00+01:00,13410.233328636916
2030,sc01,01-03 17:00:00+01:00,2594.1277063457896
2030,sc01,01-04 10:00:00+01:00,49554.44466042726
2030,sc01,01-05 09:00:00+01:00,186885.60589005193
2030,sc01,01-07 16:00:00+01:00,487.6604723893745
2030,sc01,01-07 18:00:00+01:00,531.5778989738737
2030,sc01,01-08 16:00:00+01:00,555.4797996109598
2030,sc01,01-08 18:00:00+01:00,242.17759933988143
2030,sc01,01-09 08:00:00+01:00,706.4826805483971
2030,sc01,01-10 09:00:00+01:00,148.12136052710292
2030,sc01,01-11 19:00:00+01:00,67.81251611105341
2030,sc01,01-19 12:00:00+01:00,102028.00184850385
2030,sc01,01-23 20:00:00+01:00,1.7526058702936003
2030,sc01,02-03 11:00:00+01:00,37241.276491008655
2030,sc01,02-08 00:00:00+01:00,8611.566628015238
2030,sc01,02-16 12:00:00+01:00,253724.73531712522
2030,sc01,02-17 10:00:00+01:00,68084.65166342659
2030,sc01,02-23 15:00:00+01:00,37217.8628813022
2030,sc01,03-01 15:00:00+01:00,339432.6684264109
2030,sc01,03-03 11:00:00+01:00,31318.70524551845
2030,sc01,03-19 21:00:00+01:00,303545.5568659518
2030,sc01,03-22 00:00:00+01:00,240369.1003056045
2030,sc01,03-24 02:00:00+01:00,576088.068816578
2030,sc01,04-19 18:00:00+02:00,93545.67798859488
2030,sc01,04-19 23:00:00+02:00,257298.82398675015
2030,sc01,05-05 19:00:00+02:00,103588.00667165912
2030,sc01,05-05 23:00:00+02:00,197718.99744325067
2030,sc01,06-07 09:00:00+02:00,86534.42939412667
2030,sc01,06-07 15:00:00+02:00,46767.43762528583
2030,sc01,07-23 08:00:00+02:00,108262.08348038961
2030,sc01,07-24 07:00:00+02:00,55479.01702073782
2030,sc01,10-02 04:00:00+02:00,340112.68090314977
2030,sc01,10-06 18:00:00+02:00,213167.9989148223
2030,sc01,10-07 18:00:00+02:00,344677.7177599148
